ARTIFACT_ID,PRODUCT_REF_ID,VERSION_REF_ID,ARTIFACT_REF_ID,ARTIFACT_NBR,ARTIFACT_SEQ,ARTIFACT_LEVEL_REF_ID,COMPONENT_TYPE_REF_ID,LAST_UPDATED_BASELINE_ID,ARTIFACT_NAME,DESCRIPTION,STATUS_REF_ID,PRIORITY_REF_ID,COMPLEXITY_REF_ID,AUTHOR_REF_ID,ASSIGNED_REF_ID,CATEGORY_REF_ID,ASSIGNED_USER_ID,ASSIGNED_USER_GROUP_ID,EFFORT,RATIONALE,ORIGIN,GOAL,CONTEXT,PRECONDITION,POSTCONDITION,SUMMARY,EXTERNAL_REFERENCES,PLANNED_VERSION_REF_ID,LAST_MODIFIED_VERSION_REF_ID,REMOVED_IND,MODULE_REF_ID,ORIGIN_CATEGORY_REF_ID,CHANGE_REASON,CHANGE_MADE,REPORT_SEQUENCE,REPORT_OUTLINE,CREATE_DT,CREATE_USER_ID,UPDATE_DT,UPDATE_USER_ID,UPDATE_COUNT,ACTIVE_IND,SYSTEM_ASSIGNED_VERSION_NBR,RECORD_TYPE_REF_ID,CUSTOM_TEXT1,CUSTOM_TEXT2,CUSTOM_TEXT3,CUSTOM_TEXT4,CUSTOM1_REF_ID,CUSTOM2_REF_ID,CUSTOM3_REF_ID,CUSTOM4_REF_ID,CUSTOM_DATE1,CUSTOM_DATE2,CUSTOM_MEMO1,CUSTOM_MEMO2,CUSTOM_INT1,CUSTOM_INT2,CUSTOM_DOUBLE1
1010524,6094029,0,131,49,1,124,988,0,"2",,0,0,0,0,0,0,,,0.0000000000000000e+00,,,,,,,,,0,0,0,0,0,,,,,"12/16/06 20:24:32",0,"12/16/06 20:24:32",1,1,1,1,323,,,,,,,,,,,,,,,
1149031,6094029,0,131,43,1,124,988,0,"2",,0,0,0,0,0,0,,,0.0000000000000000e+00,,,,,,,,,0,0,0,0,0,,,,,"12/16/06 20:13:01",0,"12/16/06 20:13:01",1,1,1,1,323,,,,,,,,,,,,,,,
1177344,6094029,0,131,28,5,124,988,0,"6",,0,0,0,0,0,0,,,0.0000000000000000e+00,,,,,,,,,0,0,0,0,0,,,,,"12/16/06 14:47:25",0,"12/16/06 20:12:24",1,6,1,1,323,,,,,,,,,,,,,,,
1177346,6094029,0,131,29,4,124,988,0,"5",,0,0,0,0,0,0,,,0.0000000000000000e+00,,,,,,,,,0,0,0,0,0,,,,,"12/16/06 14:47:25",0,"12/16/06 20:12:24",1,6,1,1,323,,,,,,,,,,,,,,,
1314689,6094029,0,129,44,6,0,0,0,"Testing123","123",19,110,0,0,0,0,,,0.0000000000000000e+00,,,,,,,,,0,0,0,0,0,,,6,"1.6","12/16/06 17:13:34",0,"12/19/06 21:05:36",1,11,1,1,323,,,,,,,,,,,,,,,
1363197,6094029,0,131,52,1,124,988,0,"1",,0,0,0,0,0,0,,,0.0000000000000000e+00,,,,,,,,,0,0,0,0,0,,,,,"12/16/06 20:27:12",0,"12/16/06 20:27:12",1,1,1,1,323,,,,,,,,,,,,,,,
1408215,6094029,0,131,1,0,0,0,0,"Requirement One",,0,205,0,0,0,0,,,0.0000000000000000e+00,,,,,,,,,0,0,0,0,0,,,,,"09/30/06 22:10:21",0,"10/09/06 22:05:29",1,5,0,1,323,,,,,,,,,,,,,,,
1712114,6094029,0,131,70,0,0,0,0,"121212",,0,0,0,0,0,0,,,0.0000000000000000e+00,,,,,,,,,0,0,0,0,0,,,,,"12/16/06 21:29:33",0,"12/16/06 21:34:36",1,2,0,1,323,,,,,,,,,,,,,,,
1879380,6094029,0,131,33,8,124,988,0,"9",,0,0,0,0,0,0,,,0.0000000000000000e+00,,,,,,,,,0,0,0,0,0,,,,,"12/16/06 15:02:33",0,"12/16/06 20:12:24",1,4,1,1,323,,,,,,,,,,,,,,,
1879382,6094029,0,131,34,2,124,988,0,"10",,0,0,0,0,0,0,,,0.0000000000000000e+00,,,,,,,,,0,0,0,0,0,,,,,"12/16/06 15:02:33",0,"12/16/06 17:20:22",1,2,0,1,323,,,,,,,,,,,,,,,
1884784,6094029,0,131,55,1,124,988,0,"4",,0,0,0,0,0,0,,,0.0000000000000000e+00,,,,,,,,,0,0,0,0,0,,,,,"12/16/06 20:27:12",0,"12/16/06 20:27:12",1,1,1,1,323,,,,,,,,,,,,,,,
2094451,6094029,472,129,35,0,0,0,0,"System Log","System shall log all levels of events with access to the end user.",19,15,0,0,0,0,,,0.0000000000000000e+00,,,,,,,,,0,0,0,0,0,,,29,"5.1","09/30/06 21:34:31",0,"10/08/06 23:23:10",1,3,1,1,323,,,,,,,,,,,,,,,
2094453,6094029,0,129,28,2,0,0,0,"Customization",,0,0,0,0,0,1567413,,,0.0000000000000000e+00,,,,,,,,,0,0,0,0,0,,,7,"2","09/30/06 21:34:31",0,"10/08/06 23:23:05",1,3,1,1,323,,,,,,,,,,,,,,,
2318611,6094029,0,131,65,0,124,981,0,"ok",,0,0,0,0,0,0,,,0.0000000000000000e+00,,,,,,,,,0,0,0,0,0,,,,,"12/16/06 21:07:56",0,"12/16/06 21:07:56",1,1,1,1,323,,,,,,,,,,,,,,,
2395590,6094029,0,131,46,1,124,988,0,"3",,0,0,0,0,0,0,,,0.0000000000000000e+00,,,,,,,,,0,0,0,0,0,,,,,"12/16/06 20:15:49",0,"12/16/06 20:15:49",1,1,1,1,323,,,,,,,,,,,,,,,
2470968,6094029,0,131,8,0,124,988,0,"Req Three",,0,0,0,0,0,0,,,0.0000000000000000e+00,,,,,,,,,0,0,0,0,0,,,,,"09/30/06 22:35:40",0,"09/30/06 22:35:40",1,1,1,1,323,,,,,,,,,,,,,,,
2490160,6094029,0,131,3,3,0,0,0,"Req Three",,0,0,0,0,0,0,,,0.0000000000000000e+00,,,,,,,,,0,0,0,0,0,,,,,"09/30/06 22:33:26",0,"12/16/06 22:00:31",1,2,0,1,323,,,,,,,,,,,,,,,
2506742,6094029,473,131,10,6,0,0,0,"Requirement Eight",,105,205,25,0,0,977,,,0.0000000000000000e+00,"This is the rationale.
This is the rationale1
This is the rationale2
This is the rationale3
This is the rationale4 This is the rationale4.1 This is the rationale4.2 This is the rationale4.3 This is the rationale4.4
","This is the origin.

There are three lines.","Goal","Context","Precondition","Post condition",,,0,0,0,0,0,,,46,"8","09/30/06 22:55:24",2,"12/16/06 16:10:34",1,4,1,1,323,,,,,,,,,,,,,,,
2587264,6094029,0,131,9,5,0,0,0,"Requirement Six",,0,0,0,0,0,0,,,0.0000000000000000e+00,,,,,,,,,0,0,0,0,0,,,45,"7","09/30/06 22:52:25",0,"12/16/06 21:07:39",1,2,1,1,323,,,,,,,,,,,,,,,
2645410,6094029,0,131,35,2,124,988,0,"11",,0,0,0,0,0,0,,,0.0000000000000000e+00,,,,,,,,,0,0,0,0,0,,,,,"12/16/06 15:02:33",0,"12/16/06 17:20:22",1,2,0,1,323,,,,,,,,,,,,,,,
2720132,6094029,472,129,11,0,0,0,0,"User Defined Fields","System shall support user defined artifacts, priority, and status.",19,14,0,0,0,0,,,0.0000000000000000e+00,,,,,,,,,0,0,0,0,0,,,18,"3.5","09/30/06 21:34:31",0,"10/08/06 23:22:53",1,3,1,1,323,,,,,,,,,,,,,,,
2810379,6094029,0,131,76,0,0,0,0,"nice",,0,0,0,0,0,0,,,0.0000000000000000e+00,,,,,,,,,0,0,0,0,0,,,,,"12/16/06 21:33:42",0,"12/16/06 21:34:56",1,2,0,1,323,,,,,,,,,,,,,,,
3018302,6094029,0,131,60,6,124,988,0,"7",,0,0,0,0,0,0,,,0.0000000000000000e+00,,,,,,,,,0,0,0,0,0,,,,,"12/16/06 20:48:51",0,"12/16/06 20:49:53",1,7,1,1,323,,,,,,,,,,,,,,,
3101424,6094029,907,129,18,4,0,0,0,"Trace External Artifacts","System shall allow traceability to external artifacts.",17,15,0,0,0,977,,,0.0000000000000000e+00,,,,,,,,,0,0,0,0,0,,,38,"6.4","09/30/06 21:34:31",0,"10/08/06 23:22:50",1,3,1,1,323,,,,,,,,,,,,,,,
3101426,6094029,472,129,19,3,0,0,0,"Trace Artifacts","System shall allow maintenance of traceability between artifacts e.g. Features to Requirements, Requirements to Design, Design to Implementation, Use Cases to Test Cases etc.",19,14,0,0,0,0,,,0.0000000000000000e+00,,,,,,,,,0,0,0,0,0,,,37,"6.3","09/30/06 21:34:31",0,"10/08/06 23:22:47",1,3,1,1,323,,,,,,,,,,,,,,,
3238268,6094029,472,129,24,1,0,0,0,"View Related Artifacts","System shall allow all related artifacts to be viewed for a selected artifact.",19,15,0,0,0,0,,,0.0000000000000000e+00,,,,,,,,,0,0,0,0,0,,,1,"1.1","09/30/06 21:34:31",0,"10/08/06 23:22:44",1,3,1,1,323,,,,,,,,,,,,,,,
3238270,6094029,907,129,25,2,0,0,0,"Change Control Process","System shall allow for a change control process to review, approve and route new artifacts to the designated groups.",17,16,0,0,0,0,,,0.0000000000000000e+00,,,,,,,,,0,0,0,0,0,,,2,"1.2","09/30/06 21:34:31",0,"10/08/06 23:22:41",1,3,1,1,323,,,,,,,,,,,,,,,
3481603,6094029,0,131,17,0,124,981,0,"Main flow 1",,0,0,0,0,0,0,,,0.0000000000000000e+00,,,,,,,,,0,0,0,0,0,,,,,"12/14/06 11:35:05",0,"12/16/06 15:10:51",1,3,1,1,323,,,,,,,,,,,,,,,
3943479,6094029,0,130,3,0,0,0,0,"Other docs",,0,0,0,0,0,0,,,0.0000000000000000e+00,,,,,,,,,0,0,0,0,0,,,,,"10/08/06 21:39:10",0,"10/08/06 21:39:34",1,2,0,1,323,,,,,,,,,,,,,,,
4000901,6094029,0,131,54,1,124,988,0,"3",,0,0,0,0,0,0,,,0.0000000000000000e+00,,,,,,,,,0,0,0,0,0,,,,,"12/16/06 20:27:12",0,"12/16/06 20:27:12",1,1,1,1,323,,,,,,,,,,,,,,,
4004298,6094029,907,129,26,3,0,0,0,"Baseline artifacts","System shall allow all artifacts to be baselined.",19,14,0,0,0,0,,,0.0000000000000000e+00,,,,,,,,,0,0,0,0,0,,,3,"1.3","09/30/06 21:34:31",0,"10/08/06 23:22:38",1,3,1,1,323,,,,,,,,,,,,,,,
4004300,6094029,0,129,27,5,0,0,0,"System Output",,0,0,0,0,0,1567413,,,0.0000000000000000e+00,,,,,,,,,0,0,0,0,0,,,28,"5","09/30/06 21:34:31",0,"10/08/06 23:22:35",1,3,1,1,323,,,,,,,,,,,,,,,
4070219,6094029,472,129,8,0,0,0,0,"Externally Linked Documents","System shall support links from the artifact to external documents.",19,14,0,0,0,0,,,0.0000000000000000e+00,,,,,,,,,0,0,0,0,0,,,16,"3.3","09/30/06 21:34:31",0,"10/08/06 23:22:33",1,3,1,1,323,,,,,,,,,,,,,,,
4215061,6094029,0,131,39,9,0,0,0,"Requirement Eleven",,0,0,0,0,0,0,,,0.0000000000000000e+00,,,,,,,,,0,0,0,0,0,,,49,"11","12/16/06 17:14:03",0,"12/16/06 17:14:03",1,1,1,1,323,,,,,,,,,,,,,,,
4215524,2002799,0,129,1,0,0,0,0,"Example 2 Feature",,17,110,0,0,0,0,,,0.0000000000000000e+00,,,,,,,,,0,0,0,0,0,,,55,"1","12/16/06 17:17:04",0,"12/16/06 17:17:04",1,1,1,1,323,,,,,,,,,,,,,,,
4224084,6094029,0,131,24,3,124,988,0,"4",,0,0,0,0,0,0,,,0.0000000000000000e+00,,,,,,,,,0,0,0,0,0,,,,,"12/16/06 14:45:10",0,"12/16/06 20:12:24",1,8,1,1,323,,,,,,,,,,,,,,,
4294777,6094029,0,131,50,1,124,988,0,"3",,0,0,0,0,0,0,,,0.0000000000000000e+00,,,,,,,,,0,0,0,0,0,,,,,"12/16/06 20:24:32",0,"12/16/06 20:24:32",1,1,1,1,323,,,,,,,,,,,,,,,
4441070,6094029,472,129,2,0,0,0,0,"Manual Data Entries","System shall support the manual data entry of artifacts - features, requirements, source files etc.</string>",19,14,0,0,0,0,,,0.0000000000000000e+00,,,,,,,,,0,0,0,0,0,,,15,"3.2","09/30/06 21:34:31",0,"10/08/06 23:22:30",1,3,1,1,323,,,,,,,,,,,,,,,
4447713,6094029,0,131,30,6,124,988,0,,,0,0,0,0,0,0,,,0.0000000000000000e+00,,,,,,,,,0,0,0,0,0,,,,,"12/16/06 14:47:25",0,"12/16/06 14:50:26",1,2,0,1,323,,,,,,,,,,,,,,,
4502253,6094029,0,131,63,8,124,988,0,,,0,0,0,0,0,0,,,0.0000000000000000e+00,,,,,,,,,0,0,0,0,0,,,,,"12/16/06 20:49:37",0,"12/16/06 20:49:37",1,1,1,1,323,,,,,,,,,,,,,,,
4507036,6094029,0,131,36,1,124,981,0,"Main flow 4",,0,0,0,0,0,0,,,0.0000000000000000e+00,,,,,,,,,0,0,0,0,0,,,,,"12/16/06 15:10:51",0,"12/16/06 15:10:51",1,1,1,1,323,,,,,,,,,,,,,,,
4744279,6094029,0,131,38,8,0,0,0,"Requiremenet Ten",,0,0,0,0,0,0,,,0.0000000000000000e+00,,,,,,,,,0,0,0,0,0,,,48,"10","12/16/06 17:10:36",0,"12/16/06 17:10:36",1,1,1,1,323,,,,,,,,,,,,,,,
4830947,6094029,0,131,80,0,0,0,0,"new one",,0,0,0,0,0,0,,,0.0000000000000000e+00,,,,,,,,,0,0,0,0,0,,,39,"1","12/19/06 21:58:21",0,"12/19/06 21:58:21",1,1,1,1,323,,,,,,,,,,,,,,,
4886736,6094029,0,131,4,2,0,0,0,"Req Four",,0,0,0,0,0,0,,,0.0000000000000000e+00,,,,,,,,,0,0,0,0,0,,,43,"5","09/30/06 22:33:38",0,"12/16/06 21:07:56",1,2,1,1,323,,,,,,,,,,,,,,,
4932401,6094029,0,131,13,0,124,988,0,"1",,0,0,0,0,0,0,,,0.0000000000000000e+00,,,,,,,,,0,0,0,0,0,,,,,"09/30/06 23:33:06",0,"12/16/06 20:49:53",1,10,1,1,323,,,,,,,,,,,,,,,
4944499,6094029,0,131,56,3,124,988,0,"4",,0,0,0,0,0,0,,,0.0000000000000000e+00,,,,,,,,,0,0,0,0,0,,,,,"12/16/06 20:36:18",0,"12/16/06 20:49:53",1,8,1,1,323,,,,,,,,,,,,,,,
5023720,6094029,0,131,64,0,124,988,0,"121212",,0,0,0,0,0,0,,,0.0000000000000000e+00,,,,,,,,,0,0,0,0,0,,,,,"12/16/06 21:07:39",0,"12/16/06 21:07:39",1,1,1,1,323,,,,,,,,,,,,,,,
5036193,6094029,0,131,23,1,124,988,0,,,0,0,0,0,0,0,,,0.0000000000000000e+00,,,,,,,,,0,0,0,0,0,,,,,"12/16/06 14:13:57",0,"12/16/06 20:13:01",1,2,0,1,323,,,,,,,,,,,,,,,
5103403,6094029,0,131,71,0,0,0,0,"SADADASDADASDAD",,0,0,0,0,0,0,,,0.0000000000000000e+00,,,,,,,,,0,0,0,0,0,,,,,"12/16/06 21:29:49",0,"12/16/06 21:34:25",1,2,0,1,323,,,,,,,,,,,,,,,
5172447,6094029,907,129,33,1,0,0,0,"Artifact Detail List","System shall supports list of details for artifacts such as use case steps, data fields, test case steps etc.",19,15,0,0,0,0,,,0.0000000000000000e+00,,,,,,,,,0,0,0,0,0,,,8,"2.1","09/30/06 21:34:31",0,"10/08/06 23:22:24",1,3,1,1,323,,,,,,,,,,,,,,,
5281203,6094029,0,131,44,1,124,988,0,"1",,0,0,0,0,0,0,,,0.0000000000000000e+00,,,,,,,,,0,0,0,0,0,,,,,"12/16/06 20:15:49",0,"12/16/06 20:15:49",1,1,1,1,323,,,,,,,,,,,,,,,
5283206,6094029,0,131,7,0,124,988,0,"Req Four",,0,0,0,0,0,0,,,0.0000000000000000e+00,,,,,,,,,0,0,0,0,0,,,,,"09/30/06 22:35:31",0,"09/30/06 22:35:31",1,1,1,1,323,,,,,,,,,,,,,,,
5361352,6094029,907,129,30,4,0,0,0,"Standard Reports","System shall deploy with standard reports.",19,14,0,0,0,0,,,0.0000000000000000e+00,,,,,,,,,0,0,0,0,0,,,11,"2.4","09/30/06 21:34:31",0,"09/30/06 21:34:31",1,1,1,1,323,,,,,,,,,,,,,,,
5361354,6094029,472,129,37,5,0,0,0,"User management","System shall define users with positions and appropriate privileges",19,15,0,0,0,0,,,0.0000000000000000e+00,,,,,,,,,0,0,0,0,0,,,12,"2.5","09/30/06 21:34:31",0,"09/30/06 21:34:31",1,1,1,1,323,,,,,,,,,,,,,,,
5660372,6094029,0,131,12,1,124,988,0,"2",,0,0,0,0,0,0,,,0.0000000000000000e+00,,,,,,,,,0,0,0,0,0,,,,,"09/30/06 23:29:37",0,"12/16/06 20:12:24",1,9,1,1,323,,,,,,,,,,,,,,,
5668810,6094029,0,131,37,7,0,0,0,"Requirement Nine",,0,0,0,0,0,0,,,0.0000000000000000e+00,,,,,,,,,0,0,0,0,0,,,47,"9","12/16/06 17:09:28",0,"12/16/06 17:09:28",1,1,1,1,323,,,,,,,,,,,,,,,
5749626,6094029,472,129,43,0,0,0,0,"Imported",,19,14,0,0,0,1567413,,,0.0000000000000000e+00,,,,,,,,,0,0,0,0,0,,,,,"09/30/06 23:19:58",0,"10/01/06 12:01:25",1,2,0,1,323,,,,,,,,,,,,,,,
5797041,6094029,0,131,18,1,124,981,0,"Main flow 2",,0,0,0,0,0,0,,,0.0000000000000000e+00,,,,,,,,,0,0,0,0,0,,,,,"12/14/06 11:35:05",0,"12/16/06 15:10:51",1,3,1,1,323,,,,,,,,,,,,,,,
5798126,6094029,0,129,12,4,0,0,0,"System Navigation",,0,0,0,0,0,1567413,,,0.0000000000000000e+00,,,,,,,,,0,0,0,0,0,,,24,"4","09/30/06 21:34:31",0,"09/30/06 21:34:31",1,1,1,1,323,,,,,,,,,,,,,,,
5798128,6094029,907,129,13,0,0,0,0,"Group and Sort Artifacts","System shall allow artifacts to be sorted and/or grouped by common fields such as priority, status, version etc.",19,15,0,0,0,0,,,0.0000000000000000e+00,,,,,,,,,0,0,0,0,0,,,25,"4.1","09/30/06 21:34:31",0,"09/30/06 21:34:31",1,1,1,1,323,,,,,,,,,,,,,,,
6118931,6094029,0,131,74,0,0,0,0,"AAAAA",,0,0,0,0,0,0,,,0.0000000000000000e+00,,,,,,,,,0,0,0,0,0,,,,,"12/16/06 21:30:15",0,"12/16/06 21:34:27",1,2,0,1,323,,,,,,,,,,,,,,,
6123877,6094029,472,129,20,1,0,0,0,"Identify Untraced Requirements","System shall identify untraced requirements.",19,15,0,0,0,0,,,0.0000000000000000e+00,,,,,,,,,0,0,0,0,0,,,35,"6.1","09/30/06 21:34:31",0,"09/30/06 21:34:31",1,1,1,1,323,,,,,,,,,,,,,,,
6371737,6094029,0,131,79,1,0,0,0,"3333",,0,0,0,0,0,0,,,0.0000000000000000e+00,,,,,,,,,0,0,0,0,0,,,,,"12/16/06 22:01:06",0,"12/16/06 22:01:10",1,2,0,1,323,,,,,,,,,,,,,,,
6449341,6094029,0,131,47,1,124,988,0,"4",,0,0,0,0,0,0,,,0.0000000000000000e+00,,,,,,,,,0,0,0,0,0,,,,,"12/16/06 20:15:49",0,"12/16/06 20:15:49",1,1,1,1,323,,,,,,,,,,,,,,,
6564156,6094029,907,129,14,0,0,0,0,"Filter List of Artifacts","System shall allow the list of artifacts to be filtered by common fields e.g. version, priority, status etc.",19,15,0,0,0,0,,,0.0000000000000000e+00,,,,,,,,,0,0,0,0,0,,,26,"4.2","09/30/06 21:34:31",0,"09/30/06 21:34:31",1,1,1,1,323,,,,,,,,,,,,,,,
6998771,6094029,0,131,26,5,124,988,0,"asasas",,0,0,0,0,0,0,,,0.0000000000000000e+00,,,,,,,,,0,0,0,0,0,,,,,"12/16/06 14:45:29",0,"12/16/06 14:50:26",1,3,0,1,323,,,,,,,,,,,,,,,
7220791,6094029,0,131,15,2,124,988,0,"3",,0,0,0,0,0,0,,,0.0000000000000000e+00,,,,,,,,,0,0,0,0,0,,,,,"09/30/06 23:33:26",0,"12/16/06 20:49:53",1,9,1,1,323,,,,,,,,,,,,,,,
7226482,6094029,0,131,40,1,124,988,0,"10",,0,0,0,0,0,0,,,0.0000000000000000e+00,,,,,,,,,0,0,0,0,0,,,,,"12/16/06 20:12:24",0,"12/16/06 20:12:24",1,1,1,1,323,,,,,,,,,,,,,,,
7311950,6094029,472,129,42,0,0,0,0,"Imported",,19,14,0,0,0,1567413,,,0.0000000000000000e+00,,,,,,,,,0,0,0,0,0,,,,,"09/30/06 23:10:05",0,"10/01/06 12:01:25",1,2,0,1,323,,,,,,,,,,,,,,,
7450754,6094029,0,131,11,0,124,988,0,"1",,0,0,0,0,0,0,,,0.0000000000000000e+00,,,,,,,,,0,0,0,0,0,,,,,"09/30/06 23:29:37",0,"12/16/06 20:12:24",1,9,1,1,323,,,,,,,,,,,,,,,
7519063,6094029,472,129,3,0,0,0,0,"Maintain Full Artifact Text ","System shall store for editing the full text of artifacts - features, requirements, source files etc.",19,14,0,0,0,0,,,0.0000000000000000e+00,,,,,,,,,0,0,0,0,0,,,19,"3.6","09/30/06 21:34:31",0,"09/30/06 21:34:31",1,1,1,1,323,,,,,,,,,,,,,,,
7707968,6094029,472,129,4,0,0,0,0,"Binary File Attachments","System shall support the attachment of binary files - Word, Excel, Images, etc. ",19,14,0,0,0,0,,,0.0000000000000000e+00,,,,,,,,,0,0,0,0,0,,,20,"3.7","09/30/06 21:34:31",0,"09/30/06 21:34:31",1,1,1,1,323,,,,,,,,,,,,,,,
7708085,6094029,0,131,53,1,124,988,0,"2",,0,0,0,0,0,0,,,0.0000000000000000e+00,,,,,,,,,0,0,0,0,0,,,,,"12/16/06 20:27:12",0,"12/16/06 20:27:12",1,1,1,1,323,,,,,,,,,,,,,,,
7743628,6094029,0,131,48,1,124,988,0,"1",,0,0,0,0,0,0,,,0.0000000000000000e+00,,,,,,,,,0,0,0,0,0,,,,,"12/16/06 20:24:32",0,"12/16/06 20:24:32",1,1,1,1,323,,,,,,,,,,,,,,,
7841336,6094029,0,131,66,0,0,0,0,"okk",,0,0,0,0,0,0,,,0.0000000000000000e+00,,,,,,,,,0,0,0,0,0,,,,,"12/16/06 21:08:33",0,"12/16/06 21:34:51",1,2,0,1,323,,,,,,,,,,,,,,,
7878663,6094029,0,131,42,1,124,988,0,"1",,0,0,0,0,0,0,,,0.0000000000000000e+00,,,,,,,,,0,0,0,0,0,,,,,"12/16/06 20:13:01",0,"12/16/06 20:13:01",1,1,1,1,323,,,,,,,,,,,,,,,
7921807,6094029,0,131,22,1,124,988,0,,,0,0,0,0,0,0,,,0.0000000000000000e+00,,,,,,,,,0,0,0,0,0,,,,,"12/16/06 14:13:57",0,"12/16/06 20:13:01",1,2,0,1,323,,,,,,,,,,,,,,,
8044166,6094029,907,129,38,0,0,0,0,"Position Management","System shall define privileges and users associated with positions",19,15,0,0,0,0,,,0.0000000000000000e+00,,,,,,,,,0,0,0,0,0,,,33,"5.5","09/30/06 21:34:31",0,"09/30/06 21:34:31",1,1,1,1,323,,,,,,,,,,,,,,,
8189550,6094029,0,132,2,0,0,0,0,"Implementation Two",,0,0,0,0,0,0,,,0.0000000000000000e+00,,,,,,,,,0,0,0,0,0,,,52,"1","10/01/06 14:35:01",0,"10/01/06 14:35:01",1,1,1,1,323,,,,,,,,,,,,,,,
8214866,6094029,0,131,57,4,124,988,0,"5",,0,0,0,0,0,0,,,0.0000000000000000e+00,,,,,,,,,0,0,0,0,0,,,,,"12/16/06 20:36:18",0,"12/16/06 20:49:53",1,8,1,1,323,,,,,,,,,,,,,,,
8228754,6094029,0,131,58,7,124,988,0,"8",,0,0,0,0,0,0,,,0.0000000000000000e+00,,,,,,,,,0,0,0,0,0,,,,,"12/16/06 20:36:18",0,"12/16/06 20:49:54",1,8,1,1,323,,,,,,,,,,,,,,,
8228756,6094029,0,131,59,5,124,988,0,"6",,0,0,0,0,0,0,,,0.0000000000000000e+00,,,,,,,,,0,0,0,0,0,,,,,"12/16/06 20:36:18",0,"12/16/06 20:49:53",1,8,1,1,323,,,,,,,,,,,,,,,
8260478,6094029,0,131,25,2,124,988,0,"3",,0,0,0,0,0,0,,,0.0000000000000000e+00,,,,,,,,,0,0,0,0,0,,,,,"12/16/06 14:45:10",0,"12/16/06 20:12:24",1,8,1,1,323,,,,,,,,,,,,,,,
8334389,6094029,0,131,61,7,124,988,0,,,0,0,0,0,0,0,,,0.0000000000000000e+00,,,,,,,,,0,0,0,0,0,,,,,"12/16/06 20:49:10",0,"12/16/06 20:49:10",1,1,1,1,323,,,,,,,,,,,,,,,
8390311,6094029,0,131,31,6,124,988,0,"7",,0,0,0,0,0,0,,,0.0000000000000000e+00,,,,,,,,,0,0,0,0,0,,,,,"12/16/06 15:02:33",0,"12/16/06 20:12:24",1,4,1,1,323,,,,,,,,,,,,,,,
8439347,6094029,907,129,29,2,0,0,0,"Multilingual Support","System shall allow all visible text to be changed to the language of choice - form titles, button text, column headers, control labels etc.",18,15,0,0,0,0,,,0.0000000000000000e+00,,,,,,,,,0,0,0,0,0,,,9,"2.2","09/30/06 21:34:31",0,"09/30/06 21:34:31",1,1,1,1,323,,,,,,,,,,,,,,,
8801386,6094029,0,131,32,7,124,988,0,"8",,0,0,0,0,0,0,,,0.0000000000000000e+00,,,,,,,,,0,0,0,0,0,,,,,"12/16/06 15:02:33",0,"12/16/06 20:12:24",1,4,1,1,323,,,,,,,,,,,,,,,
8810194,6094029,0,129,36,0,0,0,0,"Security",,0,0,0,0,0,1567413,,,0.0000000000000000e+00,,,,,,,,,0,0,0,0,0,,,30,"5.2","09/30/06 21:34:31",0,"09/30/06 21:34:31",1,1,1,1,323,,,,,,,,,,,,,,,
8810196,6094029,907,129,31,0,0,0,0,"Report Parameters","System custom and standard reports shall support parameters entered in the UI.",19,14,0,0,0,0,,,0.0000000000000000e+00,,,,,,,,,0,0,0,0,0,,,31,"5.3","09/30/06 21:34:31",0,"09/30/06 21:34:31",1,1,1,1,323,,,,,,,,,,,,,,,
8854530,6094029,0,131,2,4,0,0,0,"Req Twos",,0,0,0,0,0,0,,,0.0000000000000000e+00,,,,,,,,,0,0,0,0,0,,,44,"6","09/30/06 22:30:56",0,"09/30/06 22:31:17",1,2,1,1,323,,,,,,,,,,,,,,,
8961038,6094029,0,131,68,0,0,0,0,"121212",,0,0,0,0,0,0,,,0.0000000000000000e+00,,,,,,,,,0,0,0,0,0,,,,,"12/16/06 21:17:27",0,"12/16/06 21:34:44",1,2,0,1,323,,,,,,,,,,,,,,,
8964694,6094029,0,130,2,0,0,0,0,"Design Documents",,0,0,0,0,0,0,,,0.0000000000000000e+00,,,,,,,,,0,0,0,0,0,,,50,"1","10/08/06 21:38:55",0,"10/08/06 21:38:55",1,1,1,1,323,,,,,,,,,,,,,,,
8968795,6094029,0,131,14,1,124,988,0,"2",,0,0,0,0,0,0,,,0.0000000000000000e+00,,,,,,,,,0,0,0,0,0,,,,,"09/30/06 23:33:06",0,"12/16/06 20:49:53",1,10,1,1,323,,,,,,,,,,,,,,,
8970211,6094029,0,131,20,0,124,989,0,"Alt Flow 1",,0,0,0,0,0,0,,,0.0000000000000000e+00,,,,,,,,,0,0,0,0,0,,,,,"12/14/06 11:35:06",0,"12/14/06 11:35:23",1,2,1,1,323,,,,,,,,,,,,,,,
8984099,6094029,0,131,21,1,124,989,0,"Alt Flow 2",,0,0,0,0,0,0,,,0.0000000000000000e+00,,,,,,,,,0,0,0,0,0,,,,,"12/14/06 11:35:06",0,"12/14/06 11:35:23",1,2,1,1,323,,,,,,,,,,,,,,,
9005402,6094029,0,131,62,8,124,988,0,"9",,0,0,0,0,0,0,,,0.0000000000000000e+00,,,,,,,,,0,0,0,0,0,,,,,"12/16/06 20:49:30",0,"12/16/06 20:49:54",1,4,1,1,323,,,,,,,,,,,,,,,
9100669,6094029,0,131,51,1,124,988,0,"4",,0,0,0,0,0,0,,,0.0000000000000000e+00,,,,,,,,,0,0,0,0,0,,,,,"12/16/06 20:24:32",0,"12/16/06 20:24:32",1,1,1,1,323,,,,,,,,,,,,,,,
9201870,6094029,0,129,21,1,0,0,0,"Configuration Management",,0,0,0,0,0,1567413,,,0.0000000000000000e+00,,,,,,,,,0,0,0,0,0,,,0,"1","09/30/06 21:34:31",0,"09/30/06 21:34:31",1,1,1,1,323,,,,,,,,,,,,,,,
9201872,6094029,472,129,22,4,0,0,0,"Track Requirement History","System shall track entire history of artifact changes...",19,15,0,0,0,0,0,0,0.0000000000000000e+00,,,,,,,,,0,0,0,0,0,,,4,"1.4","09/30/06 21:34:31",0,"03/08/07 12:05:29",1,3,1,1,323,,,,,0,0,0,0,,,,,0,0,0.0000000000000000e+00
9205375,6094029,907,129,34,3,0,0,0,"Required Fields","System shall support custom definition of required fields.",19,15,0,0,0,0,,,0.0000000000000000e+00,,,,,,,,,0,0,0,0,0,,,10,"2.3","09/30/06 21:34:31",0,"09/30/06 21:34:31",1,1,1,1,323,,,,,,,,,,,,,,,
9205377,6094029,0,129,41,0,0,0,0,"Branch",,0,110,0,0,0,0,,,0.0000000000000000e+00,,,,,,,,,0,0,0,0,0,,,,,"09/30/06 21:34:31",0,"10/01/06 12:01:20",1,2,0,1,323,,,,,,,,,,,,,,,
9317597,6094029,0,131,45,1,124,988,0,"2",,0,0,0,0,0,0,,,0.0000000000000000e+00,,,,,,,,,0,0,0,0,0,,,,,"12/16/06 20:15:49",0,"12/16/06 20:15:49",1,1,1,1,323,,,,,,,,,,,,,,,
9533798,6094029,0,131,75,0,0,0,0,"sweet",,0,0,0,0,0,0,,,0.0000000000000000e+00,,,,,,,,,0,0,0,0,0,,,,,"12/16/06 21:33:34",0,"12/16/06 21:34:56",1,2,0,1,323,,,,,,,,,,,,,,,
9624488,6094029,0,131,72,0,0,0,0,"FFFFFFFFFFFFF",,0,0,0,0,0,0,,,0.0000000000000000e+00,,,,,,,,,0,0,0,0,0,,,,,"12/16/06 21:29:56",0,"12/16/06 21:34:26",1,2,0,1,323,,,,,,,,,,,,,,,
9803697,6094029,0,131,73,0,0,0,0,"AAAAA",,0,0,0,0,0,0,,,0.0000000000000000e+00,,,,,,,,,0,0,0,0,0,,,,,"12/16/06 21:30:03",0,"12/16/06 21:34:27",1,2,0,1,323,,,,,,,,,,,,,,,
9833435,6094029,0,131,19,2,124,981,0,"Main flow 3",,0,0,0,0,0,0,,,0.0000000000000000e+00,,,,,,,,,0,0,0,0,0,,,,,"12/14/06 11:35:05",0,"12/16/06 15:10:51",1,3,1,1,323,,,,,,,,,,,,,,,
9834526,6094029,0,129,16,6,0,0,0,"Traceability",,0,0,0,0,0,1567413,,,0.0000000000000000e+00,,,,,,,,,0,0,0,0,0,,,34,"6","09/30/06 21:34:31",0,"09/30/06 21:34:31",1,1,1,1,323,,,,,,,,,,,,,,,
9836885,6094029,0,132,1,0,0,0,0,"Implementation One","This is the text of the implementation.
This is the second line.
This is the text of the implementation.
This is the second line.
This is the text of the implementation.
This is the second line.
This is the text of the implementation.
This is the second line.
This is the text of the implementation.
This is the second line.
This is the text of the implementation.
This is the second line.
This is the text of the implementation.
This is the second line.
This is the text of the implementation.
This is the second line.
This is the text of the implementation.
This is the second line.
This is the text of the implementation.
This is the second line.
This is the text of the implementation.
This is the second line.
This is the text of the implementation.
This is the second line.
This is the text of the implementation.
This is the second line.
This is the text of the implementation.
This is the second line.
This is the text of the implementation.
This is the second line.
This is the text of the implementation.
This is the second line.
This is the text of the implementation.
This is the second line.
This is the text of the implementation.
This is the second line.
This is the text of the implementation.
This is the second line.
This is the text of the implementation.
This is the second line.

",0,0,0,0,0,0,,,0.0000000000000000e+00,,,,,,,,,0,0,0,0,0,,,53,"2","10/01/06 14:34:39",0,"10/02/06 07:59:11",1,2,1,1,323,,,,,,,,,,,,,,,
9906652,6094029,0,131,69,0,0,0,0,"11111",,0,0,0,0,0,0,,,0.0000000000000000e+00,,,,,,,,,0,0,0,0,0,,,,,"12/16/06 21:26:49",0,"12/16/06 21:34:48",1,2,0,1,323,,,,,,,,,,,,,,,
9997515,6094029,0,131,16,0,124,981,0,"main flow",,0,0,0,0,0,0,,,0.0000000000000000e+00,,,,,,,,,0,0,0,0,0,,,,,"09/30/06 23:35:36",0,"09/30/06 23:35:36",1,1,1,1,323,,,,,,,,,,,,,,,
10055133,6094029,0,131,67,0,0,0,0,"gghgh",,0,0,0,0,0,0,,,0.0000000000000000e+00,,,,,,,,,0,0,0,0,0,,,,,"12/16/06 21:08:54",0,"12/16/06 21:34:41",1,2,0,1,323,,,,,,,,,,,,,,,
10076764,6094029,0,131,27,4,124,988,0,"asasas",,0,0,0,0,0,0,,,0.0000000000000000e+00,,,,,,,,,0,0,0,0,0,,,,,"12/16/06 14:45:29",0,"12/16/06 14:50:26",1,3,0,1,323,,,,,,,,,,,,,,,
10117203,6094029,0,131,78,1,0,0,0,"2222",,0,0,0,0,0,0,,,0.0000000000000000e+00,,,,,,,,,0,0,0,0,0,,,40,"2","12/16/06 22:00:52",0,"12/16/06 22:00:52",1,1,1,1,323,,,,,,,,,,,,,,,
10160275,6094029,472,129,23,5,0,0,0,"Version Artifacts","System shall allow for versioning of artifacts.",19,14,0,0,0,0,,,0.0000000000000000e+00,,,,,,,,,0,0,0,0,0,,,5,"1.5","09/30/06 21:34:31",0,"09/30/06 21:34:31",1,1,1,1,323,,,,,,,,,,,,,,,
10199467,6094029,0,131,5,1,0,0,0,"Req Five",,0,206,0,0,0,0,,,0.0000000000000000e+00,,,,,,,,,0,0,0,0,0,,,41,"3","09/30/06 22:34:59",0,"09/30/06 22:36:08",1,2,1,1,323,,,,,,,,,,,,,,,
10304475,6094029,0,131,41,1,124,988,0,"11",,0,0,0,0,0,0,,,0.0000000000000000e+00,,,,,,,,,0,0,0,0,0,,,,,"12/16/06 20:12:24",0,"12/16/06 20:12:24",1,1,1,1,323,,,,,,,,,,,,,,,
10404676,6094029,472,129,1,3,0,0,0,"System Data Entry",,19,14,0,0,0,1567413,,,0.0000000000000000e+00,,,,,,,,,0,0,0,0,0,,,13,"3","09/30/06 21:34:31",0,"09/30/06 21:34:31",1,1,1,1,323,,,,,,,,,,,,,,,
10521874,6094029,0,131,6,0,124,988,0,"Row One",,0,0,0,0,0,0,,,0.0000000000000000e+00,,,,,,,,,0,0,0,0,0,,,,,"09/30/06 22:35:13",0,"12/16/06 20:13:01",1,3,1,1,323,,,,,,,,,,,,,,,
10548968,6094029,0,130,1,0,0,0,0,"Architecture",,0,0,0,0,0,0,,,0.0000000000000000e+00,,,,,,,,,0,0,0,0,0,,,51,"2","10/08/06 21:38:43",0,"10/08/06 21:38:43",1,1,1,1,323,,,,,,,,,,,,,,,
10600554,6094029,472,129,17,2,0,0,0,"Identify Source and Origin","System shall be able to identify the source of an artifact.",19,14,0,0,0,0,,,0.0000000000000000e+00,,,,,,,,,0,0,0,0,0,,,36,"6.2","09/30/06 21:34:31",0,"09/30/06 21:34:31",1,1,1,1,323,,,,,,,,,,,,,,,
10634591,6094029,0,131,77,1,0,0,0,"1111",,0,0,0,0,0,0,,,0.0000000000000000e+00,,,,,,,,,0,0,0,0,0,,,42,"4","12/16/06 22:00:46",0,"12/16/06 22:00:46",1,1,1,1,323,,,,,,,,,,,,,,,
10785962,6094029,907,129,5,0,0,0,0,"Import Requirements","System shall import external requirements from text delimeted files.",19,15,0,0,0,0,,,0.0000000000000000e+00,,,,,,,,,0,0,0,0,0,,,21,"3.8","09/30/06 21:34:31",0,"09/30/06 21:34:31",1,1,1,1,323,,,,,,,,,,,,,,,
10898852,6094029,0,133,1,0,0,0,0,"Test Case One",,0,0,0,0,0,0,,,0.0000000000000000e+00,,,,,,,,,0,0,0,0,0,,,54,"1","10/01/06 14:34:51",0,"10/01/06 14:34:51",1,1,1,1,323,,,,,,,,,,,,,,,
10992226,6094029,907,129,7,0,0,0,0,"Spellcheck","System shall support spell checking on data entry fields.",18,16,0,0,0,0,,,0.0000000000000000e+00,,,,,,,,,0,0,0,0,0,,,14,"3.1","09/30/06 21:34:31",0,"09/30/06 21:34:31",1,1,1,1,323,,,,,,,,,,,,,,,
2950217,6094029,0,129,45,0,0,0,0,"Ququq",,17,110,0,0,0,0,0,0,0.0000000000000000e+00,,,,,,,,,0,0,0,0,0,,,0,,"02/12/19 17:12:21",1,"02/12/19 18:23:03",1,2,0,1,323,,,,,0,0,0,0,,,,,0,0,0.0000000000000000e+00
7377154,5673158,0,129,1,0,0,0,0,"LAW-01 ISO-9001","¿Qué implicaciones en los procesos tiene esta norma?
¿Reportes?
¿Reglas?
¿Especificaciones?",17,110,0,0,0,0,0,0,0.0000000000000000e+00,,,,,,,,,0,0,0,0,0,,,0,,"10/21/20 19:53:19",1,"10/21/20 19:54:51",1,2,1,1,323,,,,,0,0,0,0,,,,,0,0,0.0000000000000000e+00
9084196,5673158,0,129,11,0,0,0,0,"OOS-003 Administración de Localidades","CRUD de localidades.
Asignación de Localidad a una máquina.",17,110,0,0,0,0,0,0,0.0000000000000000e+00,,,,,,,,,0,0,0,0,0,,,0,,"10/21/20 20:15:42",1,"10/21/20 20:15:57",1,2,1,1,323,,,,,0,0,0,0,,,,,0,0,0.0000000000000000e+00
5380947,5673158,0,129,10,0,0,0,0,"OOS-101 Administración de usuarios","Registro de usuarios.
Control de acceso a módulos.
¿Exista ya un registro de Usuarios al que se pueda acceder?",17,110,0,0,0,0,0,0,0.0000000000000000e+00,,,,,,,,,0,0,0,0,0,,,75,"20","10/21/20 20:15:02",1,"11/01/20 15:53:21",1,4,1,1,323,,,,,0,0,0,0,,,,,0,0,0.0000000000000000e+00
9114731,5673158,0,131,1,0,0,0,0,"NFR-IMP-001 Aplicación web responsiva","Mobile first
",0,0,0,0,0,0,0,0,0.0000000000000000e+00,,,,,,,,,0,0,0,0,0,,,0,,"10/21/20 20:23:08",1,"10/21/20 20:24:04",1,2,1,1,323,,,,,0,0,0,0,,,,,0,0,0.0000000000000000e+00
10813623,5673158,0,129,20,0,0,0,0,"OOS-005 Administración de Proveedores","Catálogo de Proveedores de suministros para mantenimiento.
Catálogo de Proveedores que realizan mantenimiento.",17,110,0,0,0,0,0,0,0.0000000000000000e+00,,,,,,,,,0,0,0,0,0,,,0,,"10/23/20 12:27:15",1,"10/24/20 21:32:34",1,4,1,1,323,,,,,0,0,0,0,,,,,0,0,0.0000000000000000e+00
2814538,5673158,0,131,2,0,0,0,0,"FUN-001-001 Administración de códigos de Proceso","código de proceso PRoducción, LoGistica, CAlidad, ManTenimiento",0,0,0,0,0,0,0,0,0.0000000000000000e+00,,,,,,,,,0,0,0,0,0,,,0,,"10/24/20 21:06:55",1,"10/24/20 21:07:58",1,2,1,1,323,,,,,0,0,0,0,,,,,0,0,0.0000000000000000e+00
1916582,5673158,0,131,3,0,0,0,0,"FUN-001-002 Administración de catálogo de Subprocesos","Opcional",0,0,0,0,0,0,0,0,0.0000000000000000e+00,,,,,,,,,0,0,0,0,0,,,0,,"10/24/20 21:07:36",1,"10/24/20 21:08:12",1,2,1,1,323,,,,,0,0,0,0,,,,,0,0,0.0000000000000000e+00
10618366,5673158,0,129,8,0,0,0,0,"FEA-007 Crear carpeta de mantenimiento por máquina","7. Crear carpeta de mantenimiento por máquina.
",17,110,0,0,0,0,0,0,0.0000000000000000e+00,,,,,,,,,0,0,0,0,0,,,0,,"10/21/20 19:58:42",1,"10/24/20 21:34:33",1,2,1,1,323,,,,,0,0,0,0,,,,,0,0,0.0000000000000000e+00
1131142,5673158,0,131,12,0,0,0,0,"NFR-SEC Authenticación","OAuth, LDAP, 2FA",0,0,0,0,0,0,0,0,0.0000000000000000e+00,,,,,,,,,0,0,0,0,0,,,0,,"10/26/20 12:17:08",1,"10/26/20 12:17:30",1,2,1,1,323,,,,,0,0,0,0,,,,,0,0,0.0000000000000000e+00
1131142,5673158,0,131,12,0,0,0,0,"FUN-SEC-001 Authenticación","OAuth, LDAP, 2FA",0,0,0,0,0,0,0,0,0.0000000000000000e+00,,,,,,,,,0,0,0,0,0,,,0,,"10/26/20 12:17:08",1,"10/26/20 12:18:35",1,4,1,1,323,,,,,0,0,0,0,,,,,0,0,0.0000000000000000e+00
10249596,5673158,0,131,14,0,0,0,0,"NFR-USA-HFA Factores humanos",,0,0,0,0,0,0,0,0,0.0000000000000000e+00,,,,,,,,,0,0,0,0,0,,,0,,"10/26/20 12:19:23",1,"10/26/20 12:19:57",1,2,1,1,323,,,,,0,0,0,0,,,,,0,0,0.0000000000000000e+00
5959208,5673158,0,131,44,0,0,0,0,"NFR-DES Diseño",,0,0,0,0,0,0,0,0,0.0000000000000000e+00,,,,,,,,,0,0,0,0,0,,,0,,"10/26/20 13:21:29",1,"10/26/20 13:22:01",1,2,1,1,323,,,,,0,0,0,0,,,,,0,0,0.0000000000000000e+00
6244088,5673158,0,131,45,0,0,0,0,"NFR-IMP Implementación",,0,0,0,0,0,0,0,0,0.0000000000000000e+00,,,,,,,,,0,0,0,0,0,,,0,,"10/26/20 13:21:39",1,"10/26/20 13:22:10",1,2,1,1,323,,,,,0,0,0,0,,,,,0,0,0.0000000000000000e+00
8055986,5673158,0,131,15,0,0,0,0,"NFR-USA-AES Estética","Imágen corporativa",0,0,0,0,0,0,0,0,0.0000000000000000e+00,,,,,,,,,0,0,0,0,0,,,0,,"10/26/20 12:19:46",1,"10/26/20 13:26:10",1,2,1,1,323,,,,,0,0,0,0,,,,,0,0,0.0000000000000000e+00
6304643,5673158,0,131,16,0,0,0,0,"NFR-USA-UIC Consistencia UI","Diseo de pantallas",0,0,0,0,0,0,0,0,0.0000000000000000e+00,,,,,,,,,0,0,0,0,0,,,0,,"10/26/20 12:20:22",1,"10/26/20 13:26:31",1,2,1,1,323,,,,,0,0,0,0,,,,,0,0,0.0000000000000000e+00
7909159,5673158,0,131,18,0,0,0,0,"NFR-USA-WIZ Asistentes","Popups, Chatbot",0,0,0,0,0,0,0,0,0.0000000000000000e+00,,,,,,,,,0,0,0,0,0,,,0,,"10/26/20 12:21:09",1,"10/26/20 13:26:58",1,2,1,1,323,,,,,0,0,0,0,,,,,0,0,0.0000000000000000e+00
1913572,5673158,0,131,19,0,0,0,0,"NFR-USA-DOC Documentación de usuario","Manuales de uso",0,0,0,0,0,0,0,0,0.0000000000000000e+00,,,,,,,,,0,0,0,0,0,,,0,,"10/26/20 12:21:29",1,"10/26/20 13:27:16",1,2,1,1,323,,,,,0,0,0,0,,,,,0,0,0.0000000000000000e+00
6404826,5673158,0,131,26,0,0,0,0,"NFR-REL-MTBF","Mean Time Between Failure",0,0,0,0,0,0,0,0,0.0000000000000000e+00,,,,,,,,,0,0,0,0,0,,,0,,"10/26/20 13:14:40",1,"10/26/20 13:27:57",1,2,1,1,323,,,,,0,0,0,0,,,,,0,0,0.0000000000000000e+00
3069831,5673158,0,131,35,0,0,0,0,"NFR-SUP-TST Facilidad de pruebas","TDD, Mocks",0,0,0,0,0,0,0,0,0.0000000000000000e+00,,,,,,,,,0,0,0,0,0,,,0,,"10/26/20 13:18:19",1,"10/26/20 13:28:18",1,2,1,1,323,,,,,0,0,0,0,,,,,0,0,0.0000000000000000e+00
5935946,5673158,0,131,39,0,0,0,0,"NFR-SUP-COM Compatibilidad","Web, Cliente, Sistema operativo, Servidor de aplicaciones",0,0,0,0,0,0,0,0,0.0000000000000000e+00,,,,,,,,,0,0,0,0,0,,,0,,"10/26/20 13:19:28",1,"10/26/20 13:28:50",1,2,1,1,323,,,,,0,0,0,0,,,,,0,0,0.0000000000000000e+00
10577560,5673158,0,131,40,0,0,0,0,"NFR-SUP-CNF Configurabilidad","Contraseñas, Tokens, IDs",0,0,0,0,0,0,0,0,0.0000000000000000e+00,,,,,,,,,0,0,0,0,0,,,0,,"10/26/20 13:19:49",1,"10/26/20 13:29:40",1,2,1,1,323,,,,,0,0,0,0,,,,,0,0,0.0000000000000000e+00
6014698,5673158,0,131,43,0,0,0,0,"NFR-SUP-LOC Localización","Localización (L10N) e Internacionalización (I18N)",0,0,0,0,0,0,0,0,0.0000000000000000e+00,,,,,,,,,0,0,0,0,0,,,0,,"10/26/20 13:20:53",1,"10/26/20 13:30:19",1,2,1,1,323,,,,,0,0,0,0,,,,,0,0,0.0000000000000000e+00
5959208,5673158,0,131,44,0,0,0,0,"NFR-DES Diseño","MVC, N Capas, MVP, MVVP, OOP, Estrucurado, Distribuido",0,0,0,0,0,0,0,0,0.0000000000000000e+00,,,,,,,,,0,0,0,0,0,,,0,,"10/26/20 13:21:29",1,"10/26/20 13:31:17",1,3,1,1,323,,,,,0,0,0,0,,,,,0,0,0.0000000000000000e+00
6244088,5673158,0,131,45,0,0,0,0,"NFR-IMP Implementación","Frameworks, Lenguaje programación, RBMS Triggers",0,0,0,0,0,0,0,0,0.0000000000000000e+00,,,,,,,,,0,0,0,0,0,,,0,,"10/26/20 13:21:39",1,"10/26/20 13:32:24",1,3,1,1,323,,,,,0,0,0,0,,,,,0,0,0.0000000000000000e+00
6792141,5673158,0,131,46,0,0,0,0,"NFR-INT Interfaces","Web Srvice, RESP, GraphQL, Formatos de archivo, Protocolos",0,0,0,0,0,0,0,0,0.0000000000000000e+00,,,,,,,,,0,0,0,0,0,,,0,,"10/26/20 13:21:51",1,"10/26/20 13:33:19",1,2,1,1,323,,,,,0,0,0,0,,,,,0,0,0.0000000000000000e+00
6792141,5673158,0,131,46,0,0,0,0,"NFR-INT Interfaces","Web Service, RESP, GraphQL, Formatos de archivo, Protocolos",0,0,0,0,0,0,0,0,0.0000000000000000e+00,,,,,,,,,0,0,0,0,0,,,0,,"10/26/20 13:21:51",1,"10/26/20 16:48:59",1,3,1,1,323,,,,,0,0,0,0,,,,,0,0,0.0000000000000000e+00
6218433,5673158,0,131,38,0,0,0,0,"NFR-SUP-MAI Mantenibilidad","Estándares de diseño, de codificación, mejores prácticas.",0,0,0,0,0,0,0,0,0.0000000000000000e+00,,,,,,,,,0,0,0,0,0,,,0,,"10/26/20 13:19:14",1,"10/26/20 17:03:46",1,2,1,1,323,,,,,0,0,0,0,,,,,0,0,0.0000000000000000e+00
8905224,5673158,0,131,25,0,0,0,0,"NFR-REL-ACC Exactitud","Grado de precisión de cálculos.",0,0,0,0,0,0,0,0,0.0000000000000000e+00,,,,,,,,,0,0,0,0,0,,,0,,"10/26/20 13:14:02",1,"10/26/20 17:05:50",1,2,1,1,323,,,,,0,0,0,0,,,,,0,0,0.0000000000000000e+00
7768435,5673158,0,131,36,0,0,0,0,"NFR-SUP-EXT Extensibilidad","Manejo de nuevos tipos de datos, protocolos, Entidades de negocio nuevas.",0,0,0,0,0,0,0,0,0.0000000000000000e+00,,,,,,,,,0,0,0,0,0,,,0,,"10/26/20 13:18:37",1,"10/26/20 17:08:28",1,2,1,1,323,,,,,0,0,0,0,,,,,0,0,0.0000000000000000e+00
7814459,5673158,0,131,24,0,0,0,0,"NFR-REL-PRE Predictibilidad",,0,0,0,0,0,0,0,0,0.0000000000000000e+00,,,,,,,,,0,0,0,0,0,,,0,,"10/26/20 12:23:40",1,"10/26/20 17:10:47",1,2,1,1,323,,,,,0,0,0,0,,,,,0,0,0.0000000000000000e+00
10937046,5673158,0,131,52,0,0,0,0,"NFR-SUP-SCA Escalabilidad","Número de usuarios esperados.",0,0,0,0,0,0,0,0,0.0000000000000000e+00,,,,,,,,,0,0,0,0,0,,,0,,"10/26/20 17:16:31",1,"10/26/20 17:18:59",1,3,1,1,323,,,,,0,0,0,0,,,,,0,0,0.0000000000000000e+00
7814459,5673158,0,131,24,0,0,0,0,"NFR-REL-PRE Predictibilidad",,0,0,0,0,0,0,0,0,0.0000000000000000e+00,,,,,,,,,0,0,0,0,0,,,0,,"10/26/20 12:23:40",1,"10/26/20 17:21:29",1,3,1,1,323,,,,,0,0,0,0,,,,,0,0,0.0000000000000000e+00
4780805,5673158,0,131,29,0,0,0,0,"NFR-PER-AVA Disponibilidad","24/7",0,0,0,0,0,0,0,0,0.0000000000000000e+00,,,,,,,,,0,0,0,0,0,,,0,,"10/26/20 13:15:37",1,"10/26/20 17:24:11",1,2,1,1,323,,,,,0,0,0,0,,,,,0,0,0.0000000000000000e+00
2720130,6094029,472,129,10,0,0,0,0,"Define Artifact Hiearchy","System shall support artifacts represented in a hierarchy.",19,14,0,0,0,0,,,0.0000000000000000e+00,,,,,,,,,0,0,0,0,0,,,17,"3.4","09/30/06 21:34:31",0,"10/08/06 23:22:55",1,3,1,1,323,,,,,,,,,,,,,,,
10992224,6094029,907,129,6,0,0,0,0,"Custom Database Fields","System shall allow user definition of artifact fields.",18,16,0,0,0,0,,,0.0000000000000000e+00,,,,,,,,,0,0,0,0,0,,,22,"3.9","09/30/06 21:34:31",0,"09/30/06 21:34:31",1,1,1,1,323,,,,,,,,,,,,,,,
4836247,6094029,907,129,9,0,0,0,0,"Uniquely Identify Artifacts","System shall uniquely identify each artifact allowing for a custom identification.",19,14,0,0,0,0,,,0.0000000000000000e+00,,,,,,,,,0,0,0,0,0,,,23,"3.10","09/30/06 21:34:31",0,"10/08/06 23:22:27",1,3,1,1,323,,,,,,,,,,,,,,,
9834524,6094029,907,129,15,0,0,0,0,"Ad hoc Queries","System shall perform ad hoc queries to retreive artifacts.",17,15,0,0,0,0,,,0.0000000000000000e+00,,,,,,,,,0,0,0,0,0,,,27,"4.3","09/30/06 21:34:31",0,"09/30/06 21:34:31",1,1,1,1,323,,,,,,,,,,,,,,,
2080564,6094029,907,129,32,0,0,0,0,"Custom Reports","System shall allow the creation of new custom reports...",19,15,0,0,0,0,,,0.0000000000000000e+00,,,,,,,,,0,0,0,0,0,,,32,"5.4","09/30/06 21:34:31",0,"12/19/06 18:57:56",1,14,1,1,323,,,,,,,,,,,,,,,
7377154,5673158,0,129,1,0,0,0,0,"LAW-01 ISO-9001","¿Qué implicaciones en los procesos tiene esta norma?
¿Reportes?
¿Reglas?
¿Especificaciones?",17,110,0,0,0,0,0,0,0.0000000000000000e+00,,,,,,,,,0,0,0,0,0,,,56,"1","10/21/20 19:53:19",1,"10/21/20 19:54:51",1,2,1,1,323,,,,,0,0,0,0,,,,,0,0,0.0000000000000000e+00
5798231,5673158,0,129,19,0,0,0,0,"OOS-103 Inventario de refacciones","Mantener un inventario de refacciones, implementos requeridos para un mantenimiento.",17,110,0,0,0,0,0,0,0.0000000000000000e+00,,,,,,,,,0,0,0,0,0,,,57,"2","10/22/20 22:02:49",1,"11/01/20 15:53:41",1,2,1,1,323,,,,,0,0,0,0,,,,,0,0,0.0000000000000000e+00
8270714,5673158,0,129,18,0,0,0,0,"DEF-007 Operador de Máquina","Empleado de la Empresa capaz de realizar ciertas Tareas de mantenimiento de una Máquina.",17,110,0,0,0,0,0,0,0.0000000000000000e+00,,,,,,,,,0,0,0,0,0,,,58,"3","10/21/20 20:35:40",1,"10/21/20 20:35:40",1,1,1,1,323,,,,,0,0,0,0,,,,,0,0,0.0000000000000000e+00
4329622,5673158,0,129,17,0,0,0,0,"DEF-006 Tarea de mantenimiento","Actividad individual a realizar durante un mantenimiento.
Cambio de banda, Cambio de aceite, Ajuste, etc.",17,110,0,0,0,0,0,0,0.0000000000000000e+00,,,,,,,,,0,0,0,0,0,,,59,"4","10/21/20 20:34:26",1,"10/21/20 20:34:26",1,1,1,1,323,,,,,0,0,0,0,,,,,0,0,0.0000000000000000e+00
4524129,5673158,0,129,16,0,0,0,0,"DEF-005 Plan de mantenimiento","Actividades y tareas a realizar periódicamente para garantizar el buen funcionamiento de las Máquinas.",17,110,0,0,0,0,0,0,0.0000000000000000e+00,,,,,,,,,0,0,0,0,0,,,60,"5","10/21/20 20:32:54",1,"10/21/20 20:32:54",1,1,1,1,323,,,,,0,0,0,0,,,,,0,0,0.0000000000000000e+00
6502226,5673158,0,129,15,0,0,0,0,"DEF-004 Proveedor","Empresa externa que vende/renta y mantiene la Maquinaria adquirida/contratada por la Empresa.",17,110,0,0,0,0,0,0,0.0000000000000000e+00,,,,,,,,,0,0,0,0,0,,,61,"6","10/21/20 20:29:49",1,"10/21/20 20:31:35",1,2,1,1,323,,,,,0,0,0,0,,,,,0,0,0.0000000000000000e+00
4817555,5673158,0,129,14,0,0,0,0,"DEF-003 Administrador de Planes de mantenimiento","Mantiene el catálogo de Máquinas.
Asigna operarios al Plan de mantenimiento.
Asigna Proveedores al las tareas del Plan de mantenimiento.",17,110,0,0,0,0,0,0,0.0000000000000000e+00,,,,,,,,,0,0,0,0,0,,,62,"7","10/21/20 20:28:49",1,"10/21/20 20:28:49",1,1,1,1,323,,,,,0,0,0,0,,,,,0,0,0.0000000000000000e+00
4666823,5673158,0,129,13,0,0,0,0,"DEF-002 Usuario","Persona empleada de la empresa.
",17,110,0,0,0,0,0,0,0.0000000000000000e+00,,,,,,,,,0,0,0,0,0,,,63,"8","10/21/20 20:27:00",1,"10/21/20 20:27:00",1,1,1,1,323,,,,,0,0,0,0,,,,,0,0,0.0000000000000000e+00
5287032,5673158,0,129,12,0,0,0,0,"DEF-001 Máquina","Equipo mecánico, electrónico utilizado en los procesos de transformación de materiales.",17,110,0,0,0,0,0,0,0.0000000000000000e+00,,,,,,,,,0,0,0,0,0,,,64,"9","10/21/20 20:25:30",1,"10/21/20 20:25:30",1,1,1,1,323,,,,,0,0,0,0,,,,,0,0,0.0000000000000000e+00
10813623,5673158,0,129,20,0,0,0,0,"OOS-104 Administración de Proveedores","Proveedor que vendió/Rentó la máquina.
Catálogo de Proveedores de suministros para mantenimiento.
Catálogo de Proveedores que realizan mantenimiento.",17,110,0,0,0,0,0,0,0.0000000000000000e+00,,,,,,,,,0,0,0,0,0,,,65,"10","10/23/20 12:27:15",1,"11/01/20 15:53:50",1,6,1,1,323,,,,,0,0,0,0,,,,,0,0,0.0000000000000000e+00
9084196,5673158,0,129,11,0,0,0,0,"OOS-102 Administración de Localidades","CRUD de localidades.
Asignación de Localidad a una máquina.",17,110,0,0,0,0,0,0,0.0000000000000000e+00,,,,,,,,,0,0,0,0,0,,,66,"11","10/21/20 20:15:42",1,"11/01/20 15:53:30",1,3,1,1,323,,,,,0,0,0,0,,,,,0,0,0.0000000000000000e+00
7042719,5673158,0,129,9,0,0,0,0,"OOS-100 Manual de la máquina","Almacenamiento y Control de los manuales de las maquinarias.
Control de existencias.
Control de préstamos.
Digitalización del manual.",17,110,0,0,0,0,0,0,0.0000000000000000e+00,,,,,,,,,0,0,0,0,0,,,67,"12","10/21/20 20:00:10",1,"11/01/20 15:53:04",1,3,1,1,323,,,,,0,0,0,0,,,,,0,0,0.0000000000000000e+00
10618366,5673158,0,129,8,0,0,0,0,"FEA-007 Crear carpeta de mantenimiento por máquina","7. Crear carpeta de mantenimiento por máquina.
La implementación misma del sistema, provee esta Capacidad.
",17,110,0,0,0,0,0,0,0.0000000000000000e+00,,,,,,,,,0,0,0,0,0,,,68,"13","10/21/20 19:58:42",1,"11/01/20 16:27:52",1,4,1,1,323,,,,,0,0,0,0,,,,,0,0,0.0000000000000000e+00
3261577,5673158,0,129,7,0,0,0,0,"FEA-006 Crear ficha de mantenimiento correctivo","6. Crear ficha de mantenimiento correctivo
	Datos: mismos datos que mantenimiento preventivo
	       Comentarios acerca de falla de la máquina
	       Persona que reporta
	       Fecha del reporte
	       Mantenimiento realizado
	       Fecha de entrega de la máquina
	       Responsable del manteniminento",17,110,0,0,0,0,0,0,0.0000000000000000e+00,,,,,,,,,0,0,0,0,0,,,69,"14","10/21/20 19:58:04",1,"10/21/20 19:58:04",1,1,1,1,323,,,,,0,0,0,0,,,,,0,0,0.0000000000000000e+00
6389306,5673158,0,129,6,0,0,0,0,"FEA-005 Crear ficha de mantenimiento preventivo","5. Crear ficha de mantenimiento preventivo (individual por máquina - mm-formato-ficha_manto.png)
	a) archivar ficha cada vez que se realiza mantenimiento
	b) actividades de manto. realizadas por operador o por personal de mantenimiento",17,110,0,0,0,0,0,0,0.0000000000000000e+00,,,,,,,,,0,0,0,0,0,,,70,"15","10/21/20 19:57:21",1,"10/21/20 19:57:21",1,1,1,1,323,,,,,0,0,0,0,,,,,0,0,0.0000000000000000e+00
9983640,5673158,0,129,5,0,0,0,0,"FEA-004 Crear plan de mantenimiento","4. Crear plan de mantenimiento preventivo:
	a) Periodicidad: Diario, Semanal, Quincenal, Mensual, Bimestral, Trimestral, Semestral, Anual
	b) formato: mm-formato-plan_manto.png",17,110,0,0,0,0,0,0,0.0000000000000000e+00,,,,,,,,,0,0,0,0,0,,,71,"16","10/21/20 19:56:47",1,"10/24/20 21:23:00",1,2,1,1,323,,,,,0,0,0,0,,,,,0,0,0.0000000000000000e+00
9807183,5673158,0,129,4,0,0,0,0,"FEA-003 Identificación física de máquinas","3. Identificar las máquinas:
	a) Etiquetado (adherible), Marcado (pintura)
	Datos: Nombre de máquina, código",17,110,0,0,0,0,0,0,0.0000000000000000e+00,,,,,,,,,0,0,0,0,0,,,72,"17","10/21/20 19:56:21",1,"10/21/20 19:56:21",1,1,1,1,323,,,,,0,0,0,0,,,,,0,0,0.0000000000000000e+00
4731214,5673158,0,129,3,0,0,0,0,"FEA-002 Listado de máquinas","2. Listado de máquinas:
	Datos: Máquina, Código (paso 1), Marca, Modelo, No. de serie, [Ubicación,] Estado [Activa, Mantenimiento]",17,110,0,0,0,0,0,0,0.0000000000000000e+00,,,,,,,,,0,0,0,0,0,,,73,"18","10/21/20 19:55:24",1,"10/21/20 19:55:48",1,2,1,1,323,,,,,0,0,0,0,,,,,0,0,0.0000000000000000e+00
4226528,5673158,0,129,2,0,0,0,0,"FEA-001 Identificar máquinas mediante un código","1. identificación de máquinas, asignando un código
	a) código de proceso PRoducción, LoGistica, CAlidad, ManTenimiento
	a.1) subproceso opcional
	b) código por ser una máquina: MaQuina, Seguimiento y Medición
	c) consecutivo por tipo de máquina: Estampadora-01, Laser-02
	d) consecutivo por cantidad: secuencial",17,110,0,0,0,0,0,0,0.0000000000000000e+00,,,,,,,,,0,0,0,0,0,,,74,"19","10/21/20 19:54:38",1,"10/21/20 19:55:38",1,2,1,1,323,,,,,0,0,0,0,,,,,0,0,0.0000000000000000e+00
9877177,5673158,0,129,21,0,0,0,0,"OOS-105 Solicitud de mantenimiento correctivo","¿Administrar solicitudes de mantenimiento correctivo?",17,110,0,0,0,0,0,0,0.0000000000000000e+00,,,,,,,,,0,0,0,0,0,,,76,"21","10/24/20 21:31:52",1,"11/01/20 15:53:59",1,2,1,1,323,,,,,0,0,0,0,,,,,0,0,0.0000000000000000e+00
9114731,5673158,0,131,1,0,0,0,0,"NFR-IMP-001 Aplicación web responsiva","Mobile first
",0,0,0,0,0,0,0,0,0.0000000000000000e+00,,,,,,,,,0,0,0,0,0,,,77,"1","10/21/20 20:23:08",1,"10/21/20 20:24:04",1,2,1,1,323,,,,,0,0,0,0,,,,,0,0,0.0000000000000000e+00
9528430,5673158,0,131,32,0,0,0,0,"NFR-PER-RSP Tiempo de respuesta",,0,0,0,0,0,0,0,0,0.0000000000000000e+00,,,,,,,,,0,0,0,0,0,,,81,"5","10/26/20 13:16:57",1,"10/26/20 13:16:57",1,1,1,1,323,,,,,0,0,0,0,,,,,0,0,0.0000000000000000e+00
2368182,5673158,0,131,33,0,0,0,0,"NFR-PER-RCT Tiempo de recuperación",,0,0,0,0,0,0,0,0,0.0000000000000000e+00,,,,,,,,,0,0,0,0,0,,,82,"6","10/26/20 13:17:17",1,"10/26/20 13:17:17",1,1,1,1,323,,,,,0,0,0,0,,,,,0,0,0.0000000000000000e+00
8049156,5673158,0,131,34,0,0,0,0,"NFR-PER-RSU Uso de recursos",,0,0,0,0,0,0,0,0,0.0000000000000000e+00,,,,,,,,,0,0,0,0,0,,,83,"7","10/26/20 13:17:35",1,"10/26/20 13:17:35",1,1,1,1,323,,,,,0,0,0,0,,,,,0,0,0.0000000000000000e+00
3069831,5673158,0,131,35,0,0,0,0,"NFR-SUP-TST Facilidad de pruebas","TDD, Mocks",0,0,0,0,0,0,0,0,0.0000000000000000e+00,,,,,,,,,0,0,0,0,0,,,84,"8","10/26/20 13:18:19",1,"10/26/20 13:28:18",1,2,1,1,323,,,,,0,0,0,0,,,,,0,0,0.0000000000000000e+00
8945820,5673158,0,131,37,0,0,0,0,"NFR-SUP-ADP Adaptabilidad",,0,0,0,0,0,0,0,0,0.0000000000000000e+00,,,,,,,,,0,0,0,0,0,,,82,"6","10/26/20 13:18:56",1,"10/26/20 13:18:56",1,1,1,1,323,,,,,0,0,0,0,,,,,0,0,0.0000000000000000e+00
5935946,5673158,0,131,39,0,0,0,0,"NFR-SUP-COM Compatibilidad","Web, Cliente, Sistema operativo, Servidor de aplicaciones",0,0,0,0,0,0,0,0,0.0000000000000000e+00,,,,,,,,,0,0,0,0,0,,,83,"7","10/26/20 13:19:28",1,"10/26/20 13:28:50",1,2,1,1,323,,,,,0,0,0,0,,,,,0,0,0.0000000000000000e+00
10577560,5673158,0,131,40,0,0,0,0,"NFR-SUP-CNF Configurabilidad","Contraseñas, Tokens, IDs",0,0,0,0,0,0,0,0,0.0000000000000000e+00,,,,,,,,,0,0,0,0,0,,,84,"8","10/26/20 13:19:49",1,"10/26/20 13:29:40",1,2,1,1,323,,,,,0,0,0,0,,,,,0,0,0.0000000000000000e+00
6537840,5673158,0,131,41,0,0,0,0,"NFR-SUP-SRV Servicio",,0,0,0,0,0,0,0,0,0.0000000000000000e+00,,,,,,,,,0,0,0,0,0,,,85,"9","10/26/20 13:20:06",1,"10/26/20 13:20:06",1,1,1,1,323,,,,,0,0,0,0,,,,,0,0,0.0000000000000000e+00
10772245,5673158,0,131,42,0,0,0,0,"NFR-SUP-INS Instalabilidad",,0,0,0,0,0,0,0,0,0.0000000000000000e+00,,,,,,,,,0,0,0,0,0,,,91,"15","10/26/20 13:20:24",1,"10/26/20 13:20:24",1,1,1,1,323,,,,,0,0,0,0,,,,,0,0,0.0000000000000000e+00
6014698,5673158,0,131,43,0,0,0,0,"NFR-SUP-LOC Localización","Localización (L10N) e Internacionalización (I18N)",0,0,0,0,0,0,0,0,0.0000000000000000e+00,,,,,,,,,0,0,0,0,0,,,92,"16","10/26/20 13:20:53",1,"10/26/20 13:30:19",1,2,1,1,323,,,,,0,0,0,0,,,,,0,0,0.0000000000000000e+00
2451511,5673158,0,131,31,0,0,0,0,"NFR-PER-THR Rendimiento",,0,0,0,0,0,0,0,0,0.0000000000000000e+00,,,,,,,,,0,0,0,0,0,,,80,"4","10/26/20 13:16:37",1,"10/26/20 13:16:37",1,1,1,1,323,,,,,0,0,0,0,,,,,0,0,0.0000000000000000e+00
5959208,5673158,0,131,44,0,0,0,0,"NFR-DES Diseño","MVC, N Capas, MVP, MVVP, OOP, Estrucurado, Distribuido",0,0,0,0,0,0,0,0,0.0000000000000000e+00,,,,,,,,,0,0,0,0,0,,,93,"17","10/26/20 13:21:29",1,"10/26/20 13:31:17",1,3,1,1,323,,,,,0,0,0,0,,,,,0,0,0.0000000000000000e+00
1007008,5673158,0,131,47,0,0,0,0,"NFR-PHY Hardware",,0,0,0,0,0,0,0,0,0.0000000000000000e+00,,,,,,,,,0,0,0,0,0,,,96,"20","10/26/20 13:22:30",1,"10/26/20 13:22:30",1,1,1,1,323,,,,,0,0,0,0,,,,,0,0,0.0000000000000000e+00
6792141,5673158,0,131,46,0,0,0,0,"NFR-INT Interfaces","Web Service, RESP, GraphQL, Formatos de archivo, Protocolos",0,0,0,0,0,0,0,0,0.0000000000000000e+00,,,,,,,,,0,0,0,0,0,,,95,"19","10/26/20 13:21:51",1,"10/26/20 16:48:59",1,3,1,1,323,,,,,0,0,0,0,,,,,0,0,0.0000000000000000e+00
10594831,5673158,0,131,48,0,0,0,0,"FUN-SEC-003 Manejo de sesión",,0,0,0,0,0,0,0,0,0.0000000000000000e+00,,,,,,,,,0,0,0,0,0,,,92,"16","10/26/20 16:56:34",1,"10/26/20 16:56:34",1,1,1,1,323,,,,,0,0,0,0,,,,,0,0,0.0000000000000000e+00
3831680,5673158,0,131,49,0,0,0,0,"FUN-SEC-004 Auditoría de actividad",,0,0,0,0,0,0,0,0,0.0000000000000000e+00,,,,,,,,,0,0,0,0,0,,,93,"17","10/26/20 16:57:00",1,"10/26/20 16:57:00",1,1,1,1,323,,,,,0,0,0,0,,,,,0,0,0.0000000000000000e+00
5354634,5673158,0,131,50,0,0,0,0,"FUN-SEC-005 Ley Protección de Datos en Posesión de Particulares",,0,0,0,0,0,0,0,0,0.0000000000000000e+00,,,,,,,,,0,0,0,0,0,,,94,"18","10/26/20 16:58:41",1,"10/26/20 16:58:41",1,1,1,1,323,,,,,0,0,0,0,,,,,0,0,0.0000000000000000e+00
4527191,5673158,0,131,51,0,0,0,0,"FUN-SEC-006 Vigencia de contraseñas",,0,0,0,0,0,0,0,0,0.0000000000000000e+00,,,,,,,,,0,0,0,0,0,,,95,"19","10/26/20 17:02:33",1,"10/26/20 17:02:33",1,1,1,1,323,,,,,0,0,0,0,,,,,0,0,0.0000000000000000e+00
6218433,5673158,0,131,38,0,0,0,0,"NFR-SUP-MAI Mantenibilidad","Estándares de diseño, de codificación, mejores prácticas.",0,0,0,0,0,0,0,0,0.0000000000000000e+00,,,,,,,,,0,0,0,0,0,,,87,"11","10/26/20 13:19:14",1,"10/26/20 17:03:46",1,2,1,1,323,,,,,0,0,0,0,,,,,0,0,0.0000000000000000e+00
8905224,5673158,0,131,25,0,0,0,0,"NFR-REL-ACC Exactitud","Grado de precisión de cálculos.",0,0,0,0,0,0,0,0,0.0000000000000000e+00,,,,,,,,,0,0,0,0,0,,,115,"39","10/26/20 13:14:02",1,"10/26/20 17:05:50",1,2,1,1,323,,,,,0,0,0,0,,,,,0,0,0.0000000000000000e+00
7768435,5673158,0,131,36,0,0,0,0,"NFR-SUP-EXT Extensibilidad","Manejo de nuevos tipos de datos, protocolos, Entidades de negocio nuevas.",0,0,0,0,0,0,0,0,0.0000000000000000e+00,,,,,,,,,0,0,0,0,0,,,85,"9","10/26/20 13:18:37",1,"10/26/20 17:08:28",1,2,1,1,323,,,,,0,0,0,0,,,,,0,0,0.0000000000000000e+00
10937046,5673158,0,131,52,0,0,0,0,"NFR-SUP-SCA Escalabilidad","Número de usuarios esperados.",0,0,0,0,0,0,0,0,0.0000000000000000e+00,,,,,,,,,0,0,0,0,0,,,128,"52","10/26/20 17:16:31",1,"10/26/20 17:18:59",1,3,1,1,323,,,,,0,0,0,0,,,,,0,0,0.0000000000000000e+00
6244088,5673158,0,131,45,0,0,0,0,"NFR-IMP Implementación","Frameworks, Lenguaje programación, RBMS Triggers",0,0,0,0,0,0,0,0,0.0000000000000000e+00,,,,,,,,,0,0,0,0,0,,,94,"18","10/26/20 13:21:39",1,"10/26/20 13:32:24",1,3,1,1,323,,,,,0,0,0,0,,,,,0,0,0.0000000000000000e+00
2637778,5673158,0,131,30,0,0,0,0,"NFR-PER-ACCU Exactitud",,0,0,0,0,0,0,0,0,0.0000000000000000e+00,,,,,,,,,0,0,0,0,0,,,79,"3","10/26/20 13:15:57",1,"10/26/20 13:15:57",1,1,1,1,323,,,,,0,0,0,0,,,,,0,0,0.0000000000000000e+00
7814459,5673158,0,131,24,0,0,0,0,"NFR-REL-PRE Predictibilidad",,0,0,0,0,0,0,0,0,0.0000000000000000e+00,,,,,,,,,0,0,0,0,0,,,104,"28","10/26/20 12:23:40",1,"10/26/20 17:21:29",1,3,1,1,323,,,,,0,0,0,0,,,,,0,0,0.0000000000000000e+00
8438822,5673158,0,131,28,0,0,0,0,"NFR-PER-EFF Eficiencia",,0,0,0,0,0,0,0,0,0.0000000000000000e+00,,,,,,,,,0,0,0,0,0,,,88,"12","10/26/20 13:15:18",1,"10/26/20 13:15:18",1,1,1,1,323,,,,,0,0,0,0,,,,,0,0,0.0000000000000000e+00
6404826,5673158,0,131,26,0,0,0,0,"NFR-REL-MTBF","Mean Time Between Failure",0,0,0,0,0,0,0,0,0.0000000000000000e+00,,,,,,,,,0,0,0,0,0,,,103,"27","10/26/20 13:14:40",1,"10/26/20 13:27:57",1,2,1,1,323,,,,,0,0,0,0,,,,,0,0,0.0000000000000000e+00
2814538,5673158,0,131,2,0,0,0,0,"FUN-001-001 Administración de códigos de Proceso","código de proceso PRoducción, LoGistica, CAlidad, ManTenimiento",0,0,0,0,0,0,0,0,0.0000000000000000e+00,,,,,,,,,0,0,0,0,0,,,105,"29","10/24/20 21:06:55",1,"10/24/20 21:07:58",1,2,1,1,323,,,,,0,0,0,0,,,,,0,0,0.0000000000000000e+00
1916582,5673158,0,131,3,0,0,0,0,"FUN-001-002 Administración de catálogo de Subprocesos","Opcional",0,0,0,0,0,0,0,0,0.0000000000000000e+00,,,,,,,,,0,0,0,0,0,,,106,"30","10/24/20 21:07:36",1,"10/24/20 21:08:12",1,2,1,1,323,,,,,0,0,0,0,,,,,0,0,0.0000000000000000e+00
10113057,5673158,0,131,4,0,0,0,0,"FUN-001-003 Administración de catálogo Máquina","código por ser una máquina: MaQuina, Seguimiento y Medición",0,0,0,0,0,0,0,0,0.0000000000000000e+00,,,,,,,,,0,0,0,0,0,,,107,"31","10/24/20 21:09:17",1,"10/24/20 21:09:17",1,1,1,1,323,,,,,0,0,0,0,,,,,0,0,0.0000000000000000e+00
9869792,5673158,0,131,5,0,0,0,0,"FUN-001-004 Mantenimiento de consecutivo pot tipo de Máquina","consecutivo por tipo de máquina: Estampadora-01, Laser-02",0,0,0,0,0,0,0,0,0.0000000000000000e+00,,,,,,,,,0,0,0,0,0,,,108,"32","10/24/20 21:10:11",1,"10/24/20 21:10:11",1,1,1,1,323,,,,,0,0,0,0,,,,,0,0,0.0000000000000000e+00
3511156,5673158,0,131,6,0,0,0,0,"FUN-001-005 Generación de números secuenciales","consecutivo por cantidad: secuencial",0,0,0,0,0,0,0,0,0.0000000000000000e+00,,,,,,,,,0,0,0,0,0,,,109,"33","10/24/20 21:10:55",1,"10/24/20 21:10:55",1,1,1,1,323,,,,,0,0,0,0,,,,,0,0,0.0000000000000000e+00
3004574,5673158,0,131,7,0,0,0,0,"FUN-002-001 Mantenimiento de listado de Máquinas","Cada máquina tiene su código asociado",0,0,0,0,0,0,0,0,0.0000000000000000e+00,,,,,,,,,0,0,0,0,0,,,110,"34","10/24/20 21:17:38",1,"10/24/20 21:17:38",1,1,1,1,323,,,,,0,0,0,0,,,,,0,0,0.0000000000000000e+00
8381231,5673158,0,131,8,0,0,0,0,"FUN-003-001 Identificación física de Máquinas","Definir si se va a imprimir Código de barras, Descripción textual...",0,0,0,0,0,0,0,0,0.0000000000000000e+00,,,,,,,,,0,0,0,0,0,,,111,"35","10/24/20 21:19:27",1,"10/24/20 21:19:27",1,1,1,1,323,,,,,0,0,0,0,,,,,0,0,0.0000000000000000e+00
8855790,5673158,0,131,9,0,0,0,0,"FUN-004-001 Administración de Plan de mantenimiento por Máquina","Indicar Tarea a realizar y su Periodicidad la secuencia en que se realizan y quién la realiza.",0,0,0,0,0,0,0,0,0.0000000000000000e+00,,,,,,,,,0,0,0,0,0,,,112,"36","10/24/20 21:25:44",1,"10/24/20 21:27:49",1,2,1,1,323,,,,,0,0,0,0,,,,,0,0,0.0000000000000000e+00
10612204,5673158,0,131,10,0,0,0,0,"FUN-005-001 Administración de Fichas de mantenimiento","Una Ficha de mantenimiento es un registro de las actividades realizadas durante un mantenimiento específico.",0,0,0,0,0,0,0,0,0.0000000000000000e+00,,,,,,,,,0,0,0,0,0,,,113,"37","10/24/20 21:29:34",1,"10/24/20 21:29:34",1,1,1,1,323,,,,,0,0,0,0,,,,,0,0,0.0000000000000000e+00
10517267,5673158,0,131,11,0,0,0,0,"FUN-006-001 Administrar Fichas de mantenimiento correctivo.",,0,0,0,0,0,0,0,0,0.0000000000000000e+00,,,,,,,,,0,0,0,0,0,,,114,"38","10/24/20 21:34:12",1,"10/24/20 21:34:12",1,1,1,1,323,,,,,0,0,0,0,,,,,0,0,0.0000000000000000e+00
3265638,5673158,0,131,27,0,0,0,0,"NFR-PER-SPD Velocidad",,0,0,0,0,0,0,0,0,0.0000000000000000e+00,,,,,,,,,0,0,0,0,0,,,101,"25","10/26/20 13:15:02",1,"10/26/20 13:15:02",1,1,1,1,323,,,,,0,0,0,0,,,,,0,0,0.0000000000000000e+00
1131142,5673158,0,131,12,0,0,0,0,"FUN-SEC-001 Autenticación","OAuth, LDAP, 2FA",0,0,0,0,0,0,0,0,0.0000000000000000e+00,,,,,,,,,0,0,0,0,0,,,116,"40","10/26/20 12:17:08",1,"11/01/20 16:31:20",1,5,1,1,323,,,,,0,0,0,0,,,,,0,0,0.0000000000000000e+00
10249596,5673158,0,131,14,0,0,0,0,"NFR-USA-HFA Factores humanos",,0,0,0,0,0,0,0,0,0.0000000000000000e+00,,,,,,,,,0,0,0,0,0,,,117,"41","10/26/20 12:19:23",1,"10/26/20 12:19:57",1,2,1,1,323,,,,,0,0,0,0,,,,,0,0,0.0000000000000000e+00
8055986,5673158,0,131,15,0,0,0,0,"NFR-USA-AES Estética","Imágen corporativa",0,0,0,0,0,0,0,0,0.0000000000000000e+00,,,,,,,,,0,0,0,0,0,,,118,"42","10/26/20 12:19:46",1,"10/26/20 13:26:10",1,2,1,1,323,,,,,0,0,0,0,,,,,0,0,0.0000000000000000e+00
6304643,5673158,0,131,16,0,0,0,0,"NFR-USA-UIC Consistencia UI","Diseo de pantallas",0,0,0,0,0,0,0,0,0.0000000000000000e+00,,,,,,,,,0,0,0,0,0,,,119,"43","10/26/20 12:20:22",1,"10/26/20 13:26:31",1,2,1,1,323,,,,,0,0,0,0,,,,,0,0,0.0000000000000000e+00
9759860,5673158,0,131,17,0,0,0,0,"NFR-USA-CHP Ayuda en contexto",,0,0,0,0,0,0,0,0,0.0000000000000000e+00,,,,,,,,,0,0,0,0,0,,,120,"44","10/26/20 12:20:53",1,"10/26/20 12:20:53",1,1,1,1,323,,,,,0,0,0,0,,,,,0,0,0.0000000000000000e+00
7909159,5673158,0,131,18,0,0,0,0,"NFR-USA-WIZ Asistentes","Popups, Chatbot",0,0,0,0,0,0,0,0,0.0000000000000000e+00,,,,,,,,,0,0,0,0,0,,,121,"45","10/26/20 12:21:09",1,"10/26/20 13:26:58",1,2,1,1,323,,,,,0,0,0,0,,,,,0,0,0.0000000000000000e+00
1913572,5673158,0,131,19,0,0,0,0,"NFR-USA-DOC Documentación de usuario","Manuales de uso",0,0,0,0,0,0,0,0,0.0000000000000000e+00,,,,,,,,,0,0,0,0,0,,,122,"46","10/26/20 12:21:29",1,"10/26/20 13:27:16",1,2,1,1,323,,,,,0,0,0,0,,,,,0,0,0.0000000000000000e+00
9255665,5673158,0,131,20,0,0,0,0,"NFR-USA-TRA Material de entrenamiento",,0,0,0,0,0,0,0,0,0.0000000000000000e+00,,,,,,,,,0,0,0,0,0,,,123,"47","10/26/20 12:21:52",1,"10/26/20 12:21:52",1,1,1,1,323,,,,,0,0,0,0,,,,,0,0,0.0000000000000000e+00
6560959,5673158,0,131,21,0,0,0,0,"NFR-REL-FRF Frecuencia de fallos",,0,0,0,0,0,0,0,0,0.0000000000000000e+00,,,,,,,,,0,0,0,0,0,,,124,"48","10/26/20 12:22:36",1,"10/26/20 12:22:36",1,1,1,1,323,,,,,0,0,0,0,,,,,0,0,0.0000000000000000e+00
7537339,5673158,0,131,22,0,0,0,0,"NFR-REL-SVF Severidad de fallos",,0,0,0,0,0,0,0,0,0.0000000000000000e+00,,,,,,,,,0,0,0,0,0,,,125,"49","10/26/20 12:22:59",1,"10/26/20 12:22:59",1,1,1,1,323,,,,,0,0,0,0,,,,,0,0,0.0000000000000000e+00
3085675,5673158,0,131,23,0,0,0,0,"NFR-REL-REC Recuperabilidad",,0,0,0,0,0,0,0,0,0.0000000000000000e+00,,,,,,,,,0,0,0,0,0,,,126,"50","10/26/20 12:23:19",1,"10/26/20 12:23:19",1,1,1,1,323,,,,,0,0,0,0,,,,,0,0,0.0000000000000000e+00
7095212,5673158,0,131,13,0,0,0,0,"FUN-SEC-002 Autorización",,0,0,0,0,0,0,0,0,0.0000000000000000e+00,,,,,,,,,0,0,0,0,0,,,127,"51","10/26/20 12:17:57",1,"10/26/20 12:18:45",1,2,1,1,323,,,,,0,0,0,0,,,,,0,0,0.0000000000000000e+00
4780805,5673158,0,131,29,0,0,0,0,"NFR-PER-AVA Disponibilidad","24/7",0,0,0,0,0,0,0,0,0.0000000000000000e+00,,,,,,,,,0,0,0,0,0,,,128,"52","10/26/20 13:15:37",1,"10/26/20 17:24:11",1,2,1,1,323,,,,,0,0,0,0,,,,,0,0,0.0000000000000000e+00
4527191,5673158,0,131,51,0,0,0,0,"FUN-SEC-006 Vigencia de contraseñas","Reglas que debe cumplir una contraseña.
¿En cuánto tiempo, el usuario deberá cambiar contraseña?",0,0,0,0,0,0,0,0,0.0000000000000000e+00,,,,,,,,,0,0,0,0,0,,,102,"26","10/26/20 17:02:33",1,"10/27/20 13:41:25",1,2,1,1,323,,,,,0,0,0,0,,,,,0,0,0.0000000000000000e+00
3831680,5673158,0,131,49,0,0,0,0,"FUN-SEC-004 Auditoría de actividad","¿Guardar un registro de las actividades realizadas en la aplicación por cada usuario?",0,0,0,0,0,0,0,0,0.0000000000000000e+00,,,,,,,,,0,0,0,0,0,,,98,"22","10/26/20 16:57:00",1,"10/27/20 13:42:19",1,2,1,1,323,,,,,0,0,0,0,,,,,0,0,0.0000000000000000e+00
10594831,5673158,0,131,48,0,0,0,0,"FUN-SEC-003 Manejo de sesión","¿Se forzará el cierre de la sesión después de cierto tiempo de inactividad?
¿Se usarán Cookies?",0,0,0,0,0,0,0,0,0.0000000000000000e+00,,,,,,,,,0,0,0,0,0,,,97,"21","10/26/20 16:56:34",1,"10/27/20 13:45:24",1,3,1,1,323,,,,,0,0,0,0,,,,,0,0,0.0000000000000000e+00
7095212,5673158,0,131,13,0,0,0,0,"FUN-SEC-002 Autorización","Administrar catálogo de módulos y roles para limitar el acceso de los usuarios.",0,0,0,0,0,0,0,0,0.0000000000000000e+00,,,,,,,,,0,0,0,0,0,,,127,"51","10/26/20 12:17:57",1,"10/27/20 13:43:47",1,3,1,1,323,,,,,0,0,0,0,,,,,0,0,0.0000000000000000e+00
5354634,5673158,0,131,50,0,0,0,0,"FUN-SEC-005 Ley Protección de Datos en Posesión de Particulares","¿Los datos de usuario requeridos por la aplicación son considerados sensibles?",0,0,0,0,0,0,0,0,0.0000000000000000e+00,,,,,,,,,0,0,0,0,0,,,99,"23","10/26/20 16:58:41",1,"10/27/20 13:44:54",1,2,1,1,323,,,,,0,0,0,0,,,,,0,0,0.0000000000000000e+00
4780805,5673158,0,131,29,0,0,0,0,"NFR-PER-AVA Disponibilidad","La aplicación debe estar disponible 24/7.",0,0,0,0,0,0,0,0,0.0000000000000000e+00,,,,,,,,,0,0,0,0,0,,,78,"2","10/26/20 13:15:37",1,"10/27/20 13:46:00",1,3,1,1,323,,,,,0,0,0,0,,,,,0,0,0.0000000000000000e+00
8945820,5673158,0,131,37,0,0,0,0,"NFR-SUP-ADP Adaptabilidad",,0,0,0,0,0,0,0,0,0.0000000000000000e+00,,,,,,,,,0,0,0,0,0,,,86,"10","10/26/20 13:18:56",1,"10/26/20 13:18:56",1,1,1,1,323,,,,,0,0,0,0,,,,,0,0,0.0000000000000000e+00
5935946,5673158,0,131,39,0,0,0,0,"NFR-SUP-COM Compatibilidad","Web, Cliente, Sistema operativo, Servidor de aplicaciones",0,0,0,0,0,0,0,0,0.0000000000000000e+00,,,,,,,,,0,0,0,0,0,,,89,"13","10/26/20 13:19:28",1,"10/26/20 13:28:50",1,2,1,1,323,,,,,0,0,0,0,,,,,0,0,0.0000000000000000e+00
6537840,5673158,0,131,41,0,0,0,0,"NFR-SUP-SRV Servicio",,0,0,0,0,0,0,0,0,0.0000000000000000e+00,,,,,,,,,0,0,0,0,0,,,90,"14","10/26/20 13:20:06",1,"10/26/20 13:20:06",1,1,1,1,323,,,,,0,0,0,0,,,,,0,0,0.0000000000000000e+00
10577560,5673158,0,131,40,0,0,0,0,"NFR-SUP-CNF Configurabilidad","Contraseñas, Tokens, IDs",0,0,0,0,0,0,0,0,0.0000000000000000e+00,,,,,,,,,0,0,0,0,0,,,100,"24","10/26/20 13:19:49",1,"10/26/20 13:29:40",1,2,1,1,323,,,,,0,0,0,0,,,,,0,0,0.0000000000000000e+00
2954773,5673158,0,131,53,0,0,0,0,"FUN-SEC-007 CSRF","Cross Site Request Forgery protection",0,0,0,0,0,0,0,0,0.0000000000000000e+00,,,,,,,,,0,0,0,0,0,,,0,,"10/30/20 22:31:53",1,"10/30/20 22:31:53",1,1,1,1,323,,,,,0,0,0,0,,,,,0,0,0.0000000000000000e+00
9351136,5673158,0,131,54,0,0,0,0,"FUN-SEC-008 SQL Injection","Avoid SLQ injection",0,0,0,0,0,0,0,0,0.0000000000000000e+00,,,,,,,,,0,0,0,0,0,,,0,,"10/30/20 22:32:33",1,"10/30/20 22:32:33",1,1,1,1,323,,,,,0,0,0,0,,,,,0,0,0.0000000000000000e+00
6304643,5673158,0,131,16,0,0,0,0,"NFR-USA-UIC Consistencia UI","Diseño de pantallas",0,0,0,0,0,0,0,0,0.0000000000000000e+00,,,,,,,,,0,0,0,0,0,,,119,"43","10/26/20 12:20:22",1,"10/30/20 22:33:33",1,3,1,1,323,,,,,0,0,0,0,,,,,0,0,0.0000000000000000e+00
2302913,5673158,0,131,55,0,0,0,0,"FUN-SEC-009 XSS","Cross-Site Scripting prevention",0,0,0,0,0,0,0,0,0.0000000000000000e+00,,,,,,,,,0,0,0,0,0,,,0,,"10/30/20 22:49:12",1,"10/30/20 22:49:12",1,1,1,1,323,,,,,0,0,0,0,,,,,0,0,0.0000000000000000e+00
10787310,5673158,0,131,56,0,0,0,0,"FUN-100-001 Manual de máquina","Un Manual puede existir en modo impreso.
Un Manual puede ser digitalizado.
Un Manual impreso puede ser prestado a un Operador.",0,0,0,0,0,0,0,0,0.0000000000000000e+00,,,,,,,,,0,0,0,0,0,,,0,,"11/01/20 16:11:37",1,"11/01/20 16:13:05",1,2,1,1,323,,,,,0,0,0,0,,,,,0,0,0.0000000000000000e+00
10517267,5673158,0,131,11,0,0,0,0,"FUN-006-001 Administrar Fichas de mantenimiento correctivo.","Un Usuario crea o modifica una Solicitud de mantenimiento.",0,0,0,0,0,0,0,0,0.0000000000000000e+00,,,,,,,,,0,0,0,0,0,,,114,"38","10/24/20 21:34:12",1,"11/01/20 16:13:46",1,2,1,1,323,,,,,0,0,0,0,,,,,0,0,0.0000000000000000e+00
9123350,5673158,0,131,57,0,0,0,0,"FUN-101-001 Administración de Usuarios","Un usuario tiene permiso de acceder a ciertos módulos y realizar ciertas tareas.",0,0,0,0,0,0,0,0,0.0000000000000000e+00,,,,,,,,,0,0,0,0,0,,,0,,"11/01/20 16:15:00",1,"11/01/20 16:15:00",1,1,1,1,323,,,,,0,0,0,0,,,,,0,0,0.0000000000000000e+00
4463863,5673158,0,131,58,0,0,0,0,"FUN-102-001 Administración de Localidades","Una localidad, es una Planta en la cual se encuentran las Máquinas.",0,0,0,0,0,0,0,0,0.0000000000000000e+00,,,,,,,,,0,0,0,0,0,,,0,,"11/01/20 16:16:09",1,"11/01/20 16:16:09",1,1,1,1,323,,,,,0,0,0,0,,,,,0,0,0.0000000000000000e+00
3901251,5673158,0,131,59,0,0,0,0,"FUN-103-001 Administración de Refacciones","Las refacciones son necesarias para realizar una tarea de mantenimiento.
Se conoce el Proveedor y la cantidad requerida en un mantenimiento.
Es posible programar un pedido de refacciones, de acuerdo a los mantenimientos preventivos planeados para, por ejemplo, un mes.",0,0,0,0,0,0,0,0,0.0000000000000000e+00,,,,,,,,,0,0,0,0,0,,,0,,"11/01/20 16:18:48",1,"11/01/20 16:18:48",1,1,1,1,323,,,,,0,0,0,0,,,,,0,0,0.0000000000000000e+00
3792928,5673158,0,131,60,0,0,0,0,"FUN-104-001 Administración de Proveedores","Un Proveedor vende o renta una Máquina, así como las refacciones para realizar los mantenimientos preventivos.
Un Proveedor atiende a solicitudes de Mantenimiento correctivo. ",0,0,0,0,0,0,0,0,0.0000000000000000e+00,,,,,,,,,0,0,0,0,0,,,0,,"11/01/20 16:20:25",1,"11/01/20 16:20:25",1,1,1,1,323,,,,,0,0,0,0,,,,,0,0,0.0000000000000000e+00
1410692,5673158,0,131,61,0,0,0,0,"FUN-105-001 Administración de Solicitudes de mantenimiento correctivo","Un Usuario crea o modifica la solicitud.",0,0,0,0,0,0,0,0,0.0000000000000000e+00,,,,,,,,,0,0,0,0,0,,,0,,"11/01/20 16:21:30",1,"11/01/20 16:21:30",1,1,1,1,323,,,,,0,0,0,0,,,,,0,0,0.0000000000000000e+00
10424299,5673158,0,129,22,0,0,0,0,"FEA-008 Mantenimiento de Usuarios",,17,110,0,0,0,0,0,0,0.0000000000000000e+00,,,,,,,,,0,0,0,0,0,,,0,,"11/01/20 16:25:16",1,"11/01/20 16:25:16",1,1,1,1,323,,,,,0,0,0,0,,,,,0,0,0.0000000000000000e+00
3205029,5673158,0,129,23,0,0,0,0,"FEA-009 Mantenimiento de Módulos","Módulos del sistema, Usuarios que tienen acceso a ellos y actividades que pueden realizar.",17,110,0,0,0,0,0,0,0.0000000000000000e+00,,,,,,,,,0,0,0,0,0,,,0,,"11/01/20 16:26:05",1,"11/01/20 16:26:05",1,1,1,1,323,,,,,0,0,0,0,,,,,0,0,0.0000000000000000e+00
5666173,5673158,0,131,62,0,0,0,0,"FUN-008-001 Administración de Usuarios","Usuarios del sistema.",0,0,0,0,0,0,0,0,0.0000000000000000e+00,,,,,,,,,0,0,0,0,0,,,0,,"11/01/20 16:28:27",1,"11/01/20 16:28:27",1,1,1,1,323,,,,,0,0,0,0,,,,,0,0,0.0000000000000000e+00
2179987,5673158,0,131,63,0,0,0,0,"FUN-009-001 Administración de Módulos del sistema","Módulos del sistema, Usuarios que tienen acceso a ellos y actividades que pueden realizar.",0,0,0,0,0,0,0,0,0.0000000000000000e+00,,,,,,,,,0,0,0,0,0,,,0,,"11/01/20 16:29:15",1,"11/01/20 16:29:15",1,1,1,1,323,,,,,0,0,0,0,,,,,0,0,0.0000000000000000e+00
